2026-06-18 15:04:13,036 [INFO] Hilo Telegram Poller iniciado para escuchar comandos de salud (/status, /health).
2026-06-18 15:04:13,037 [INFO] Servidor HTTP Health Check iniciado en http://127.0.0.1:18293/
2026-06-18 15:04:13,037 [INFO] Hilo Planificador iniciado. Buscando ventana horaria 3:30 PM - 9:59 AM.
2026-06-18 15:04:13,207 [INFO] Cargando configuración desde C:\Users\Administrador\Desktop\python\solicitud_almuerzo_auto\dist\config.json
2026-06-18 15:04:14,066 [INFO] Aplicación iniciada. Bienvenido al panel de SiGCA Bot.
2026-06-18 15:04:25,568 [INFO] Prueba de comunicación con Telegram exitosa. Mensaje enviado.
2026-06-18 15:05:13,210 [INFO] Cargando configuración desde C:\Users\Administrador\Desktop\python\solicitud_almuerzo_auto\dist\config.json
2026-06-18 15:05:26,850 [INFO] Iniciando prueba manual Dry Run del bot de almuerzo...
2026-06-18 15:05:26,851 [INFO] Cargando configuración desde C:\Users\Administrador\Desktop\python\solicitud_almuerzo_auto\dist\config.json
2026-06-18 15:05:28,958 [INFO] Iniciando navegador Chromium (headless=True)...
2026-06-18 15:06:13,212 [INFO] Cargando configuración desde C:\Users\Administrador\Desktop\python\solicitud_almuerzo_auto\dist\config.json
2026-06-18 15:07:13,215 [INFO] Cargando configuración desde C:\Users\Administrador\Desktop\python\solicitud_almuerzo_auto\dist\config.json
2026-06-18 15:08:13,218 [INFO] Cargando configuración desde C:\Users\Administrador\Desktop\python\solicitud_almuerzo_auto\dist\config.json
2026-06-18 15:09:13,221 [INFO] Cargando configuración desde C:\Users\Administrador\Desktop\python\solicitud_almuerzo_auto\dist\config.json
2026-06-18 15:10:13,224 [INFO] Cargando configuración desde C:\Users\Administrador\Desktop\python\solicitud_almuerzo_auto\dist\config.json
2026-06-18 15:11:13,227 [INFO] Cargando configuración desde C:\Users\Administrador\Desktop\python\solicitud_almuerzo_auto\dist\config.json
2026-06-18 15:12:13,230 [INFO] Cargando configuración desde C:\Users\Administrador\Desktop\python\solicitud_almuerzo_auto\dist\config.json
2026-06-18 15:13:13,232 [INFO] Cargando configuración desde C:\Users\Administrador\Desktop\python\solicitud_almuerzo_auto\dist\config.json
2026-06-18 15:14:13,236 [INFO] Cargando configuración desde C:\Users\Administrador\Desktop\python\solicitud_almuerzo_auto\dist\config.json
2026-06-18 15:15:13,239 [INFO] Cargando configuración desde C:\Users\Administrador\Desktop\python\solicitud_almuerzo_auto\dist\config.json
2026-06-18 15:16:13,242 [INFO] Cargando configuración desde C:\Users\Administrador\Desktop\python\solicitud_almuerzo_auto\dist\config.json
2026-06-18 15:18:27,351 [INFO] Hilo Telegram Poller iniciado para escuchar comandos de salud (/status, /health).
2026-06-18 15:18:27,353 [INFO] Hilo Planificador iniciado. Buscando ventana horaria 3:30 PM - 9:59 AM.
2026-06-18 15:18:27,353 [INFO] Servidor HTTP Health Check iniciado en http://127.0.0.1:18293/
2026-06-18 15:18:27,561 [INFO] Cargando configuración desde C:\Users\Administrador\Desktop\python\solicitud_almuerzo_auto\dist\config.json
2026-06-18 15:18:28,431 [INFO] Aplicación iniciada. Bienvenido al panel de SiGCA Bot.
2026-06-18 15:18:36,089 [INFO] Iniciando prueba manual Dry Run del bot de almuerzo...
2026-06-18 15:18:36,089 [INFO] Cargando configuración desde C:\Users\Administrador\Desktop\python\solicitud_almuerzo_auto\dist\config.json
2026-06-18 15:18:36,093 [INFO] Enviando notificación Toast de Windows: Iniciando Bot (SIMULACIÓN) - Comenzando automatización del almuerzo en SiGCA...
2026-06-18 15:18:37,087 [INFO] Enviando mensaje de texto a Telegram...
2026-06-18 15:18:37,725 [INFO] Mensaje de Telegram enviado con éxito.
2026-06-18 15:18:40,689 [INFO] Iniciando navegador Chromium (headless=True)...
2026-06-18 15:18:40,689 [INFO] Enviando mensaje de texto a Telegram...
2026-06-18 15:18:41,329 [INFO] Mensaje de Telegram enviado con éxito.
2026-06-18 15:19:27,564 [INFO] Cargando configuración desde C:\Users\Administrador\Desktop\python\solicitud_almuerzo_auto\dist\config.json
2026-06-18 15:20:27,567 [INFO] Cargando configuración desde C:\Users\Administrador\Desktop\python\solicitud_almuerzo_auto\dist\config.json
2026-06-18 15:28:13,527 [INFO] Hilo Telegram Poller iniciado para escuchar comandos de salud (/status, /health).
2026-06-18 15:28:13,529 [INFO] Servidor HTTP Health Check iniciado en http://127.0.0.1:18293/
2026-06-18 15:28:13,529 [INFO] Hilo Planificador iniciado. Buscando ventana horaria 3:30 PM - 9:59 AM.
2026-06-18 15:28:13,749 [INFO] Cargando configuración desde C:\Users\Administrador\Desktop\python\solicitud_almuerzo_auto\dist\config.json
2026-06-18 15:28:14,627 [INFO] Aplicación iniciada. Bienvenido al panel de SiGCA Bot.
2026-06-18 15:28:38,472 [INFO] Iniciando prueba manual Dry Run del bot de almuerzo...
2026-06-18 15:28:38,475 [INFO] Cargando configuración desde C:\Users\Administrador\Desktop\python\solicitud_almuerzo_auto\dist\config.json
2026-06-18 15:28:38,483 [INFO] Enviando notificación Toast de Windows: Iniciando Bot (SIMULACIÓN) - Comenzando automatización del almuerzo en SiGCA...
2026-06-18 15:28:39,113 [INFO] Enviando mensaje de texto a Telegram...
2026-06-18 15:28:39,723 [INFO] Mensaje de Telegram enviado con éxito.
2026-06-18 15:28:42,813 [INFO] Iniciando navegador Chromium (headless=True)...
2026-06-18 15:28:42,813 [INFO] Enviando mensaje de texto a Telegram...
2026-06-18 15:28:43,426 [INFO] Mensaje de Telegram enviado con éxito.
2026-06-18 15:28:43,471 [ERROR] Error crítico durante la automatización del almuerzo: BrowserType.launch: Executable doesn't exist at C:\Users\ADMINI~1\AppData\Local\Temp\_MEI247162\playwright\driver\package\.local-browsers\chromium-1117\chrome-win\chrome.exe
╔════════════════════════════════════════════════════════════╗
║ Looks like Playwright was just installed or updated.       ║
║ Please run the following command to download new browsers: ║
║                                                            ║
║     playwright install                                     ║
║                                                            ║
║ <3 Playwright Team                                         ║
╚════════════════════════════════════════════════════════════╝
Traceback (most recent call last):
  File "lunch_bot.py", line 460, in run_automation
  File "playwright\sync_api\_generated.py", line 13991, in launch
  File "playwright\_impl\_sync_base.py", line 115, in _sync
  File "playwright\_impl\_browser_type.py", line 94, in launch
  File "playwright\_impl\_connection.py", line 59, in send
  File "playwright\_impl\_connection.py", line 514, in wrap_api_call
playwright._impl._errors.Error: BrowserType.launch: Executable doesn't exist at C:\Users\ADMINI~1\AppData\Local\Temp\_MEI247162\playwright\driver\package\.local-browsers\chromium-1117\chrome-win\chrome.exe
╔════════════════════════════════════════════════════════════╗
║ Looks like Playwright was just installed or updated.       ║
║ Please run the following command to download new browsers: ║
║                                                            ║
║     playwright install                                     ║
║                                                            ║
║ <3 Playwright Team                                         ║
╚════════════════════════════════════════════════════════════╝
2026-06-18 15:28:43,472 [INFO] Enviando notificación Toast de Windows: Error en Automatización - Ocurrió un error inesperado al procesar la solicitud.
2026-06-18 15:28:44,270 [INFO] Enviando mensaje de texto a Telegram...
2026-06-18 15:28:44,889 [INFO] Mensaje de Telegram enviado con éxito.
2026-06-18 15:28:44,938 [ERROR] Simulación Dry-Run FALLÓ (código 3): Error crítico durante la automatización del almuerzo: BrowserType.launch: Executable doesn't exist at C:\Users\ADMINI~1\AppData\Local\Temp\_MEI247162\playwright\driver\package\.local-browsers\chromium-1117\chrome-win\chrome.exe
╔════════════════════════════════════════════════════════════╗
║ Looks like Playwright was just installed or updated.       ║
║ Please run the following command to download new browsers: ║
║                                                            ║
║     playwright install                                     ║
║                                                            ║
║ <3 Playwright Team                                         ║
╚════════════════════════════════════════════════════════════╝
2026-06-18 15:29:13,756 [INFO] Cargando configuración desde C:\Users\Administrador\Desktop\python\solicitud_almuerzo_auto\dist\config.json
2026-06-18 15:30:13,768 [INFO] Cargando configuración desde C:\Users\Administrador\Desktop\python\solicitud_almuerzo_auto\dist\config.json
2026-06-18 15:30:13,771 [INFO] Se detectó ventana horaria activa y almuerzo pendiente. Iniciando Job de Almuerzo...
2026-06-18 15:30:13,803 [INFO] Cargando configuración desde C:\Users\Administrador\Desktop\python\solicitud_almuerzo_auto\dist\config.json
2026-06-18 15:30:13,822 [INFO] Enviando notificación Toast de Windows: Iniciando Bot - Comenzando automatización del almuerzo en SiGCA...
2026-06-18 15:30:14,489 [INFO] Enviando mensaje de texto a Telegram...
2026-06-18 15:30:15,088 [INFO] Mensaje de Telegram enviado con éxito.
2026-06-18 15:30:15,794 [INFO] Iniciando navegador Chromium (headless=True)...
2026-06-18 15:30:15,795 [INFO] Enviando mensaje de texto a Telegram...
2026-06-18 15:30:16,404 [INFO] Mensaje de Telegram enviado con éxito.
2026-06-18 15:30:16,446 [ERROR] Error crítico durante la automatización del almuerzo: BrowserType.launch: Executable doesn't exist at C:\Users\ADMINI~1\AppData\Local\Temp\_MEI247162\playwright\driver\package\.local-browsers\chromium-1117\chrome-win\chrome.exe
╔════════════════════════════════════════════════════════════╗
║ Looks like Playwright was just installed or updated.       ║
║ Please run the following command to download new browsers: ║
║                                                            ║
║     playwright install                                     ║
║                                                            ║
║ <3 Playwright Team                                         ║
╚════════════════════════════════════════════════════════════╝
Traceback (most recent call last):
  File "lunch_bot.py", line 460, in run_automation
  File "playwright\sync_api\_generated.py", line 13991, in launch
  File "playwright\_impl\_sync_base.py", line 115, in _sync
  File "playwright\_impl\_browser_type.py", line 94, in launch
  File "playwright\_impl\_connection.py", line 59, in send
  File "playwright\_impl\_connection.py", line 514, in wrap_api_call
playwright._impl._errors.Error: BrowserType.launch: Executable doesn't exist at C:\Users\ADMINI~1\AppData\Local\Temp\_MEI247162\playwright\driver\package\.local-browsers\chromium-1117\chrome-win\chrome.exe
╔════════════════════════════════════════════════════════════╗
║ Looks like Playwright was just installed or updated.       ║
║ Please run the following command to download new browsers: ║
║                                                            ║
║     playwright install                                     ║
║                                                            ║
║ <3 Playwright Team                                         ║
╚════════════════════════════════════════════════════════════╝
2026-06-18 15:30:16,449 [INFO] Enviando notificación Toast de Windows: Error en Automatización - Ocurrió un error inesperado al procesar la solicitud.
2026-06-18 15:30:17,085 [INFO] Enviando mensaje de texto a Telegram...
2026-06-18 15:30:17,692 [INFO] Mensaje de Telegram enviado con éxito.
2026-06-18 15:30:17,694 [ERROR] FALLO: Error crítico durante la automatización del almuerzo: BrowserType.launch: Executable doesn't exist at C:\Users\ADMINI~1\AppData\Local\Temp\_MEI247162\playwright\driver\package\.local-browsers\chromium-1117\chrome-win\chrome.exe
╔════════════════════════════════════════════════════════════╗
║ Looks like Playwright was just installed or updated.       ║
║ Please run the following command to download new browsers: ║
║                                                            ║
║     playwright install                                     ║
║                                                            ║
║ <3 Playwright Team                                         ║
╚════════════════════════════════════════════════════════════╝
2026-06-18 15:32:39,702 [INFO] Hilo Telegram Poller iniciado para escuchar comandos de salud (/status, /health).
2026-06-18 15:32:39,703 [INFO] Hilo Planificador iniciado. Buscando ventana horaria 3:30 PM - 9:59 AM.
2026-06-18 15:32:39,705 [INFO] Servidor HTTP Health Check iniciado en http://127.0.0.1:18293/
2026-06-18 15:32:39,924 [INFO] Cargando configuración desde C:\Users\Administrador\Desktop\python\solicitud_almuerzo_auto\dist\config.json
2026-06-18 15:32:39,928 [INFO] Se detectó ventana horaria activa y almuerzo pendiente. Iniciando Job de Almuerzo...
2026-06-18 15:32:39,929 [INFO] Cargando configuración desde C:\Users\Administrador\Desktop\python\solicitud_almuerzo_auto\dist\config.json
2026-06-18 15:32:40,013 [INFO] Enviando notificación Toast de Windows: Iniciando Bot - Comenzando automatización del almuerzo en SiGCA...
2026-06-18 15:32:40,893 [INFO] Enviando mensaje de texto a Telegram...
2026-06-18 15:32:41,230 [INFO] Aplicación iniciada. Bienvenido al panel de SiGCA Bot.
2026-06-18 15:32:41,554 [INFO] Mensaje de Telegram enviado con éxito.
2026-06-18 15:32:45,277 [INFO] Iniciando navegador Chromium (headless=True)...
2026-06-18 15:32:45,281 [INFO] Enviando mensaje de texto a Telegram...
2026-06-18 15:32:45,995 [INFO] Mensaje de Telegram enviado con éxito.
2026-06-18 15:32:47,027 [INFO] Enviando mensaje de texto a Telegram...
2026-06-18 15:32:47,626 [INFO] Mensaje de Telegram enviado con éxito.
2026-06-18 15:32:47,627 [INFO] Intentando iniciar sesión con el usuario: johan.carmino@ex-cle.com y contraseña tentativa...
2026-06-18 15:32:58,159 [INFO] Se detectó botón de Inicio de Sesión único (SSO) de Microsoft. Iniciando flujo SSO...
2026-06-18 15:32:58,299 [INFO] Captura de pantalla guardada: C:\Users\Administrador\Desktop\python\solicitud_almuerzo_auto\dist\evidence\2026-06-18_15-32-58_before_sso_click.png
2026-06-18 15:33:01,789 [INFO] Captura de pantalla guardada: C:\Users\Administrador\Desktop\python\solicitud_almuerzo_auto\dist\evidence\2026-06-18_15-33-00_ms_sso_email_filled.png
2026-06-18 15:33:03,227 [INFO] Captura de pantalla guardada: C:\Users\Administrador\Desktop\python\solicitud_almuerzo_auto\dist\evidence\2026-06-18_15-33-02_ms_sso_password_filled.png
2026-06-18 15:33:06,804 [INFO] Confirmando diálogo '¿Mantener la sesión iniciada?' de Microsoft...
2026-06-18 15:33:07,100 [INFO] Captura de pantalla guardada: C:\Users\Administrador\Desktop\python\solicitud_almuerzo_auto\dist\evidence\2026-06-18_15-33-06_ms_sso_stay_signed_in_prompt.png
2026-06-18 15:33:12,175 [INFO] URL actual después del envío de login: https://login.microsoftonline.com/common/login
2026-06-18 15:33:12,176 [WARNING] Fallo en el login (se mantiene en la página de autenticación)
2026-06-18 15:33:12,178 [ERROR] No se pudo iniciar sesión con ninguna de las contraseñas provistas.
2026-06-18 15:33:12,467 [INFO] Captura de pantalla guardada: C:\Users\Administrador\Desktop\python\solicitud_almuerzo_auto\dist\evidence\2026-06-18_15-33-12_login_failed_all_attempts.png
2026-06-18 15:33:12,567 [INFO] Enviando notificación Toast de Windows: Error de Login - SiGCA - No se pudo iniciar sesión. Revisa tus credenciales.
2026-06-18 15:33:13,211 [INFO] Enviando mensaje de texto a Telegram...
2026-06-18 15:33:13,913 [INFO] Mensaje de Telegram enviado con éxito.
2026-06-18 15:33:13,916 [INFO] Enviando captura de pantalla C:\Users\Administrador\Desktop\python\solicitud_almuerzo_auto\dist\evidence\2026-06-18_15-33-12_login_failed_all_attempts.png a Telegram...
2026-06-18 15:33:15,132 [ERROR] Error al enviar foto a Telegram: HTTP Error 400: Bad Request
2026-06-18 15:33:15,160 [ERROR] FALLO: No se pudo iniciar sesión con ninguna de las contraseñas provistas.
2026-06-18 15:34:06,640 [INFO] Iniciando prueba manual Dry Run del bot de almuerzo...
2026-06-18 15:34:06,641 [INFO] Cargando configuración desde C:\Users\Administrador\Desktop\python\solicitud_almuerzo_auto\dist\config.json
2026-06-18 15:34:06,661 [INFO] Enviando notificación Toast de Windows: Iniciando Bot (SIMULACIÓN) - Comenzando automatización del almuerzo en SiGCA...
2026-06-18 15:34:07,365 [INFO] Enviando mensaje de texto a Telegram...
2026-06-18 15:34:07,982 [INFO] Mensaje de Telegram enviado con éxito.
2026-06-18 15:34:08,785 [INFO] Iniciando navegador Chromium (headless=True)...
2026-06-18 15:34:08,785 [INFO] Enviando mensaje de texto a Telegram...
2026-06-18 15:34:09,396 [INFO] Mensaje de Telegram enviado con éxito.
2026-06-18 15:34:10,118 [INFO] Enviando mensaje de texto a Telegram...
2026-06-18 15:34:10,736 [INFO] Mensaje de Telegram enviado con éxito.
2026-06-18 15:34:10,738 [INFO] Intentando iniciar sesión con el usuario: johan.carmino@ex-cle.com y contraseña tentativa...
2026-06-18 15:34:14,006 [INFO] Se detectó botón de Inicio de Sesión único (SSO) de Microsoft. Iniciando flujo SSO...
2026-06-18 15:34:14,140 [INFO] Captura de pantalla guardada: C:\Users\Administrador\Desktop\python\solicitud_almuerzo_auto\dist\evidence\2026-06-18_15-34-14_before_sso_click.png
2026-06-18 15:34:15,191 [INFO] Cargando configuración desde C:\Users\Administrador\Desktop\python\solicitud_almuerzo_auto\dist\config.json
2026-06-18 15:34:15,192 [INFO] Se detectó ventana horaria activa y almuerzo pendiente. Iniciando Job de Almuerzo...
2026-06-18 15:34:15,205 [INFO] Cargando configuración desde C:\Users\Administrador\Desktop\python\solicitud_almuerzo_auto\dist\config.json
2026-06-18 15:34:15,224 [INFO] Enviando notificación Toast de Windows: Iniciando Bot - Comenzando automatización del almuerzo en SiGCA...
2026-06-18 15:34:15,822 [INFO] Enviando mensaje de texto a Telegram...
2026-06-18 15:34:16,447 [INFO] Mensaje de Telegram enviado con éxito.
2026-06-18 15:34:16,479 [INFO] Captura de pantalla guardada: C:\Users\Administrador\Desktop\python\solicitud_almuerzo_auto\dist\evidence\2026-06-18_15-34-16_ms_sso_email_filled.png
2026-06-18 15:34:17,257 [INFO] Iniciando navegador Chromium (headless=True)...
2026-06-18 15:34:17,258 [INFO] Enviando mensaje de texto a Telegram...
2026-06-18 15:34:17,935 [INFO] Captura de pantalla guardada: C:\Users\Administrador\Desktop\python\solicitud_almuerzo_auto\dist\evidence\2026-06-18_15-34-17_ms_sso_password_filled.png
2026-06-18 15:34:17,950 [INFO] Mensaje de Telegram enviado con éxito.
2026-06-18 15:34:18,616 [INFO] Enviando mensaje de texto a Telegram...
2026-06-18 15:34:19,247 [INFO] Mensaje de Telegram enviado con éxito.
2026-06-18 15:34:19,248 [INFO] Intentando iniciar sesión con el usuario: johan.carmino@ex-cle.com y contraseña tentativa...
2026-06-18 15:34:21,497 [INFO] Confirmando diálogo '¿Mantener la sesión iniciada?' de Microsoft...
2026-06-18 15:34:21,731 [INFO] Captura de pantalla guardada: C:\Users\Administrador\Desktop\python\solicitud_almuerzo_auto\dist\evidence\2026-06-18_15-34-21_ms_sso_stay_signed_in_prompt.png
2026-06-18 15:34:22,489 [INFO] Se detectó botón de Inicio de Sesión único (SSO) de Microsoft. Iniciando flujo SSO...
2026-06-18 15:34:22,611 [INFO] Captura de pantalla guardada: C:\Users\Administrador\Desktop\python\solicitud_almuerzo_auto\dist\evidence\2026-06-18_15-34-22_before_sso_click.png
2026-06-18 15:34:25,391 [INFO] Captura de pantalla guardada: C:\Users\Administrador\Desktop\python\solicitud_almuerzo_auto\dist\evidence\2026-06-18_15-34-25_ms_sso_email_filled.png
2026-06-18 15:34:26,780 [INFO] URL actual después del envío de login: https://login.microsoftonline.com/common/login
2026-06-18 15:34:26,780 [WARNING] Fallo en el login (se mantiene en la página de autenticación)
2026-06-18 15:34:26,793 [ERROR] No se pudo iniciar sesión con ninguna de las contraseñas provistas.
2026-06-18 15:34:27,010 [INFO] Captura de pantalla guardada: C:\Users\Administrador\Desktop\python\solicitud_almuerzo_auto\dist\evidence\2026-06-18_15-34-26_ms_sso_password_filled.png
2026-06-18 15:34:27,071 [INFO] Captura de pantalla guardada: C:\Users\Administrador\Desktop\python\solicitud_almuerzo_auto\dist\evidence\2026-06-18_15-34-26_login_failed_all_attempts.png
2026-06-18 15:34:27,175 [INFO] Enviando notificación Toast de Windows: Error de Login - SiGCA - No se pudo iniciar sesión. Revisa tus credenciales.
2026-06-18 15:34:27,869 [INFO] Enviando mensaje de texto a Telegram...
2026-06-18 15:34:28,472 [INFO] Mensaje de Telegram enviado con éxito.
2026-06-18 15:34:28,473 [INFO] Enviando captura de pantalla C:\Users\Administrador\Desktop\python\solicitud_almuerzo_auto\dist\evidence\2026-06-18_15-34-26_login_failed_all_attempts.png a Telegram...
2026-06-18 15:34:29,856 [ERROR] Error al enviar foto a Telegram: HTTP Error 400: Bad Request
2026-06-18 15:34:29,877 [ERROR] Simulación Dry-Run FALLÓ (código 1): No se pudo iniciar sesión con ninguna de las contraseñas provistas.
2026-06-18 15:34:30,561 [INFO] Confirmando diálogo '¿Mantener la sesión iniciada?' de Microsoft...
2026-06-18 15:34:30,796 [INFO] Captura de pantalla guardada: C:\Users\Administrador\Desktop\python\solicitud_almuerzo_auto\dist\evidence\2026-06-18_15-34-30_ms_sso_stay_signed_in_prompt.png
2026-06-18 15:34:35,846 [INFO] URL actual después del envío de login: https://login.microsoftonline.com/common/login
2026-06-18 15:34:35,847 [WARNING] Fallo en el login (se mantiene en la página de autenticación)
2026-06-18 15:34:35,858 [ERROR] No se pudo iniciar sesión con ninguna de las contraseñas provistas.
2026-06-18 15:34:36,189 [INFO] Captura de pantalla guardada: C:\Users\Administrador\Desktop\python\solicitud_almuerzo_auto\dist\evidence\2026-06-18_15-34-35_login_failed_all_attempts.png
2026-06-18 15:34:36,388 [INFO] Enviando notificación Toast de Windows: Error de Login - SiGCA - No se pudo iniciar sesión. Revisa tus credenciales.
2026-06-18 15:34:37,081 [INFO] Enviando mensaje de texto a Telegram...
2026-06-18 15:34:37,687 [INFO] Mensaje de Telegram enviado con éxito.
2026-06-18 15:34:37,688 [INFO] Enviando captura de pantalla C:\Users\Administrador\Desktop\python\solicitud_almuerzo_auto\dist\evidence\2026-06-18_15-34-35_login_failed_all_attempts.png a Telegram...
2026-06-18 15:34:38,852 [ERROR] Error al enviar foto a Telegram: HTTP Error 400: Bad Request
2026-06-18 15:34:38,876 [ERROR] FALLO: No se pudo iniciar sesión con ninguna de las contraseñas provistas.
2026-06-18 15:35:38,905 [INFO] Cargando configuración desde C:\Users\Administrador\Desktop\python\solicitud_almuerzo_auto\dist\config.json
2026-06-18 15:35:38,908 [INFO] Se detectó ventana horaria activa y almuerzo pendiente. Iniciando Job de Almuerzo...
2026-06-18 15:35:38,921 [INFO] Cargando configuración desde C:\Users\Administrador\Desktop\python\solicitud_almuerzo_auto\dist\config.json
2026-06-18 15:35:38,936 [INFO] Enviando notificación Toast de Windows: Iniciando Bot - Comenzando automatización del almuerzo en SiGCA...
2026-06-18 15:35:39,689 [INFO] Enviando mensaje de texto a Telegram...
2026-06-18 15:35:41,102 [INFO] Mensaje de Telegram enviado con éxito.
2026-06-18 15:35:42,023 [INFO] Iniciando navegador Chromium (headless=True)...
2026-06-18 15:35:42,024 [INFO] Enviando mensaje de texto a Telegram...
2026-06-18 15:35:42,657 [INFO] Mensaje de Telegram enviado con éxito.
2026-06-18 15:35:43,353 [INFO] Enviando mensaje de texto a Telegram...
2026-06-18 15:35:44,018 [INFO] Mensaje de Telegram enviado con éxito.
2026-06-18 15:35:44,023 [INFO] Intentando iniciar sesión con el usuario: johan.carmino@ex-cle.com y contraseña tentativa...
2026-06-18 15:35:47,350 [INFO] Se detectó botón de Inicio de Sesión único (SSO) de Microsoft. Iniciando flujo SSO...
2026-06-18 15:35:47,472 [INFO] Captura de pantalla guardada: C:\Users\Administrador\Desktop\python\solicitud_almuerzo_auto\dist\evidence\2026-06-18_15-35-47_before_sso_click.png
2026-06-18 15:35:50,883 [INFO] Captura de pantalla guardada: C:\Users\Administrador\Desktop\python\solicitud_almuerzo_auto\dist\evidence\2026-06-18_15-35-50_ms_sso_email_filled.png
2026-06-18 15:35:52,443 [INFO] Captura de pantalla guardada: C:\Users\Administrador\Desktop\python\solicitud_almuerzo_auto\dist\evidence\2026-06-18_15-35-52_ms_sso_password_filled.png
2026-06-18 15:35:55,973 [INFO] Confirmando diálogo '¿Mantener la sesión iniciada?' de Microsoft...
2026-06-18 15:35:56,287 [INFO] Captura de pantalla guardada: C:\Users\Administrador\Desktop\python\solicitud_almuerzo_auto\dist\evidence\2026-06-18_15-35-55_ms_sso_stay_signed_in_prompt.png
2026-06-18 15:36:01,359 [INFO] URL actual después del envío de login: https://login.microsoftonline.com/common/login
2026-06-18 15:36:01,359 [WARNING] Fallo en el login (se mantiene en la página de autenticación)
2026-06-18 15:36:01,379 [ERROR] No se pudo iniciar sesión con ninguna de las contraseñas provistas.
2026-06-18 15:36:01,706 [INFO] Captura de pantalla guardada: C:\Users\Administrador\Desktop\python\solicitud_almuerzo_auto\dist\evidence\2026-06-18_15-36-01_login_failed_all_attempts.png
2026-06-18 15:36:01,896 [INFO] Enviando notificación Toast de Windows: Error de Login - SiGCA - No se pudo iniciar sesión. Revisa tus credenciales.
2026-06-18 15:36:02,601 [INFO] Enviando mensaje de texto a Telegram...
2026-06-18 15:36:03,196 [INFO] Mensaje de Telegram enviado con éxito.
2026-06-18 15:36:03,198 [INFO] Enviando captura de pantalla C:\Users\Administrador\Desktop\python\solicitud_almuerzo_auto\dist\evidence\2026-06-18_15-36-01_login_failed_all_attempts.png a Telegram...
2026-06-18 15:36:04,591 [ERROR] Error al enviar foto a Telegram: HTTP Error 400: Bad Request
2026-06-18 15:36:04,619 [ERROR] FALLO: No se pudo iniciar sesión con ninguna de las contraseñas provistas.
2026-06-18 15:37:04,651 [INFO] Cargando configuración desde C:\Users\Administrador\Desktop\python\solicitud_almuerzo_auto\dist\config.json
2026-06-18 15:37:04,654 [INFO] Se detectó ventana horaria activa y almuerzo pendiente. Iniciando Job de Almuerzo...
2026-06-18 15:37:04,674 [INFO] Cargando configuración desde C:\Users\Administrador\Desktop\python\solicitud_almuerzo_auto\dist\config.json
2026-06-18 15:37:04,688 [INFO] Enviando notificación Toast de Windows: Iniciando Bot - Comenzando automatización del almuerzo en SiGCA...
2026-06-18 15:37:05,313 [INFO] Enviando mensaje de texto a Telegram...
2026-06-18 15:37:05,936 [INFO] Mensaje de Telegram enviado con éxito.
2026-06-18 15:37:06,659 [INFO] Iniciando navegador Chromium (headless=True)...
2026-06-18 15:37:06,659 [INFO] Enviando mensaje de texto a Telegram...
2026-06-18 15:37:07,294 [INFO] Mensaje de Telegram enviado con éxito.
2026-06-18 15:37:08,027 [INFO] Enviando mensaje de texto a Telegram...
2026-06-18 15:37:08,634 [INFO] Mensaje de Telegram enviado con éxito.
2026-06-18 15:37:08,635 [INFO] Intentando iniciar sesión con el usuario: johan.carmino@ex-cle.com y contraseña tentativa...
2026-06-18 15:37:11,912 [INFO] Se detectó botón de Inicio de Sesión único (SSO) de Microsoft. Iniciando flujo SSO...
2026-06-18 15:37:12,092 [INFO] Captura de pantalla guardada: C:\Users\Administrador\Desktop\python\solicitud_almuerzo_auto\dist\evidence\2026-06-18_15-37-11_before_sso_click.png
2026-06-18 15:37:14,979 [INFO] Captura de pantalla guardada: C:\Users\Administrador\Desktop\python\solicitud_almuerzo_auto\dist\evidence\2026-06-18_15-37-14_ms_sso_email_filled.png
2026-06-18 15:37:16,411 [INFO] Captura de pantalla guardada: C:\Users\Administrador\Desktop\python\solicitud_almuerzo_auto\dist\evidence\2026-06-18_15-37-16_ms_sso_password_filled.png
2026-06-18 15:37:19,857 [INFO] Confirmando diálogo '¿Mantener la sesión iniciada?' de Microsoft...
2026-06-18 15:37:20,123 [INFO] Captura de pantalla guardada: C:\Users\Administrador\Desktop\python\solicitud_almuerzo_auto\dist\evidence\2026-06-18_15-37-19_ms_sso_stay_signed_in_prompt.png
2026-06-18 15:37:25,199 [INFO] URL actual después del envío de login: https://login.microsoftonline.com/common/login
2026-06-18 15:37:25,200 [WARNING] Fallo en el login (se mantiene en la página de autenticación)
2026-06-18 15:37:25,214 [ERROR] No se pudo iniciar sesión con ninguna de las contraseñas provistas.
2026-06-18 15:37:25,513 [INFO] Captura de pantalla guardada: C:\Users\Administrador\Desktop\python\solicitud_almuerzo_auto\dist\evidence\2026-06-18_15-37-25_login_failed_all_attempts.png
2026-06-18 15:37:25,636 [INFO] Enviando notificación Toast de Windows: Error de Login - SiGCA - No se pudo iniciar sesión. Revisa tus credenciales.
2026-06-18 15:37:26,338 [INFO] Enviando mensaje de texto a Telegram...
2026-06-18 15:37:27,064 [INFO] Mensaje de Telegram enviado con éxito.
2026-06-18 15:37:27,067 [INFO] Enviando captura de pantalla C:\Users\Administrador\Desktop\python\solicitud_almuerzo_auto\dist\evidence\2026-06-18_15-37-25_login_failed_all_attempts.png a Telegram...
2026-06-18 15:37:28,182 [ERROR] Error al enviar foto a Telegram: HTTP Error 400: Bad Request
2026-06-18 15:37:28,208 [ERROR] FALLO: No se pudo iniciar sesión con ninguna de las contraseñas provistas.
2026-06-18 15:38:28,243 [INFO] Cargando configuración desde C:\Users\Administrador\Desktop\python\solicitud_almuerzo_auto\dist\config.json
2026-06-18 15:38:28,246 [INFO] Se detectó ventana horaria activa y almuerzo pendiente. Iniciando Job de Almuerzo...
2026-06-18 15:38:28,257 [INFO] Cargando configuración desde C:\Users\Administrador\Desktop\python\solicitud_almuerzo_auto\dist\config.json
2026-06-18 15:38:28,270 [INFO] Enviando notificación Toast de Windows: Iniciando Bot - Comenzando automatización del almuerzo en SiGCA...
2026-06-18 15:38:29,037 [INFO] Enviando mensaje de texto a Telegram...
2026-06-18 15:38:29,751 [INFO] Mensaje de Telegram enviado con éxito.
2026-06-18 15:38:30,519 [INFO] Iniciando navegador Chromium (headless=True)...
2026-06-18 15:38:30,520 [INFO] Enviando mensaje de texto a Telegram...
2026-06-18 15:38:31,142 [INFO] Mensaje de Telegram enviado con éxito.
2026-06-18 15:38:31,770 [INFO] Enviando mensaje de texto a Telegram...
2026-06-18 15:38:33,029 [INFO] Mensaje de Telegram enviado con éxito.
2026-06-18 15:38:33,030 [INFO] Intentando iniciar sesión con el usuario: johan.carmino@ex-cle.com y contraseña tentativa...
2026-06-18 15:38:36,693 [INFO] Se detectó botón de Inicio de Sesión único (SSO) de Microsoft. Iniciando flujo SSO...
2026-06-18 15:38:36,836 [INFO] Captura de pantalla guardada: C:\Users\Administrador\Desktop\python\solicitud_almuerzo_auto\dist\evidence\2026-06-18_15-38-36_before_sso_click.png
2026-06-18 15:38:39,565 [INFO] Captura de pantalla guardada: C:\Users\Administrador\Desktop\python\solicitud_almuerzo_auto\dist\evidence\2026-06-18_15-38-39_ms_sso_email_filled.png
2026-06-18 15:38:41,068 [INFO] Captura de pantalla guardada: C:\Users\Administrador\Desktop\python\solicitud_almuerzo_auto\dist\evidence\2026-06-18_15-38-40_ms_sso_password_filled.png
2026-06-18 15:38:44,551 [INFO] Confirmando diálogo '¿Mantener la sesión iniciada?' de Microsoft...
2026-06-18 15:38:44,792 [INFO] Captura de pantalla guardada: C:\Users\Administrador\Desktop\python\solicitud_almuerzo_auto\dist\evidence\2026-06-18_15-38-44_ms_sso_stay_signed_in_prompt.png
2026-06-18 15:38:49,848 [INFO] URL actual después del envío de login: https://login.microsoftonline.com/common/login
2026-06-18 15:38:49,850 [WARNING] Fallo en el login (se mantiene en la página de autenticación)
2026-06-18 15:38:49,863 [ERROR] No se pudo iniciar sesión con ninguna de las contraseñas provistas.
2026-06-18 15:38:50,175 [INFO] Captura de pantalla guardada: C:\Users\Administrador\Desktop\python\solicitud_almuerzo_auto\dist\evidence\2026-06-18_15-38-49_login_failed_all_attempts.png
2026-06-18 15:38:50,285 [INFO] Enviando notificación Toast de Windows: Error de Login - SiGCA - No se pudo iniciar sesión. Revisa tus credenciales.
2026-06-18 15:38:50,931 [INFO] Enviando mensaje de texto a Telegram...
2026-06-18 15:38:51,562 [INFO] Mensaje de Telegram enviado con éxito.
2026-06-18 15:38:51,565 [INFO] Enviando captura de pantalla C:\Users\Administrador\Desktop\python\solicitud_almuerzo_auto\dist\evidence\2026-06-18_15-38-49_login_failed_all_attempts.png a Telegram...
2026-06-18 15:38:52,716 [ERROR] Error al enviar foto a Telegram: HTTP Error 400: Bad Request
2026-06-18 15:38:52,742 [ERROR] FALLO: No se pudo iniciar sesión con ninguna de las contraseñas provistas.
2026-06-18 15:49:15,321 [INFO] Hilo Telegram Poller iniciado para escuchar comandos de salud (/status, /health).
2026-06-18 15:49:15,324 [INFO] Hilo Planificador iniciado. Buscando ventana horaria 3:30 PM - 9:59 AM.
2026-06-18 15:49:15,324 [INFO] Servidor HTTP Health Check iniciado en http://127.0.0.1:18293/
2026-06-18 15:49:15,552 [INFO] Cargando configuración desde C:\Users\Administrador\Desktop\python\solicitud_almuerzo_auto\dist\config.json
2026-06-18 15:49:15,608 [INFO] Se detectó ventana horaria activa y almuerzo pendiente. Iniciando Job de Almuerzo...
2026-06-18 15:49:15,610 [INFO] Cargando configuración desde C:\Users\Administrador\Desktop\python\solicitud_almuerzo_auto\dist\config.json
2026-06-18 15:49:15,616 [INFO] Enviando notificación Toast de Windows: Iniciando Bot - Comenzando automatización del almuerzo en SiGCA...
2026-06-18 15:49:16,473 [INFO] Enviando mensaje de texto a Telegram...
2026-06-18 15:49:16,703 [INFO] Aplicación iniciada. Bienvenido al panel de SiGCA Bot.
2026-06-18 15:49:17,077 [INFO] Mensaje de Telegram enviado con éxito.
2026-06-18 15:49:20,431 [INFO] Iniciando navegador Chromium (headless=True)...
2026-06-18 15:49:20,432 [INFO] Enviando mensaje de texto a Telegram...
2026-06-18 15:49:21,087 [INFO] Mensaje de Telegram enviado con éxito.
2026-06-18 15:49:21,733 [INFO] Enviando mensaje de texto a Telegram...
2026-06-18 15:49:22,371 [INFO] Mensaje de Telegram enviado con éxito.
2026-06-18 15:49:22,372 [INFO] Intentando iniciar sesión con el usuario: johan.carmino@ex-cle.com y contraseña tentativa...
2026-06-18 15:49:32,892 [INFO] Se detectó botón de Inicio de Sesión único (SSO) de Microsoft. Iniciando flujo SSO...
2026-06-18 15:49:33,007 [INFO] Captura de pantalla guardada: C:\Users\Administrador\Desktop\python\solicitud_almuerzo_auto\dist\evidence\2026-06-18_15-49-32_before_sso_click.png
2026-06-18 15:49:36,861 [INFO] Captura de pantalla guardada: C:\Users\Administrador\Desktop\python\solicitud_almuerzo_auto\dist\evidence\2026-06-18_15-49-36_ms_sso_email_filled.png
2026-06-18 15:49:38,285 [INFO] Captura de pantalla guardada: C:\Users\Administrador\Desktop\python\solicitud_almuerzo_auto\dist\evidence\2026-06-18_15-49-38_ms_sso_password_filled.png
2026-06-18 15:49:41,894 [INFO] Confirmando diálogo '¿Mantener la sesión iniciada?' de Microsoft...
2026-06-18 15:49:42,192 [INFO] Captura de pantalla guardada: C:\Users\Administrador\Desktop\python\solicitud_almuerzo_auto\dist\evidence\2026-06-18_15-49-41_ms_sso_stay_signed_in_prompt.png
2026-06-18 15:49:42,240 [INFO] Esperando redirección post-login...
2026-06-18 15:49:57,257 [INFO] URL actual después del envío de login: https://login.microsoftonline.com/common/login
2026-06-18 15:49:57,258 [WARNING] Fallo en el login (se mantiene en la página de autenticación)
2026-06-18 15:49:57,271 [ERROR] No se pudo iniciar sesión con ninguna de las contraseñas provistas.
2026-06-18 15:49:57,563 [INFO] Captura de pantalla guardada: C:\Users\Administrador\Desktop\python\solicitud_almuerzo_auto\dist\evidence\2026-06-18_15-49-57_login_failed_all_attempts.png
2026-06-18 15:49:57,680 [INFO] Enviando notificación Toast de Windows: Error de Login - SiGCA - No se pudo iniciar sesión. Revisa tus credenciales.
2026-06-18 15:49:58,399 [INFO] Enviando mensaje de texto a Telegram...
2026-06-18 15:49:59,047 [INFO] Mensaje de Telegram enviado con éxito.
2026-06-18 15:49:59,048 [INFO] Enviando captura de pantalla C:\Users\Administrador\Desktop\python\solicitud_almuerzo_auto\dist\evidence\2026-06-18_15-49-57_login_failed_all_attempts.png a Telegram...
2026-06-18 15:50:00,960 [INFO] Foto de Telegram enviada con éxito.
2026-06-18 15:50:00,987 [ERROR] FALLO: No se pudo iniciar sesión con ninguna de las contraseñas provistas.
2026-06-18 16:42:17,875 [INFO] Hilo Telegram Poller iniciado para escuchar comandos de salud (/status, /health).
2026-06-18 16:42:17,875 [INFO] Servidor HTTP Health Check iniciado en http://127.0.0.1:18293/
2026-06-18 16:42:17,876 [INFO] Hilo Planificador iniciado. Buscando ventana horaria 3:30 PM - 9:59 AM.
2026-06-18 16:42:18,016 [INFO] Cargando configuración desde C:\Users\Administrador\Desktop\python\solicitud_almuerzo_auto\dist\config.json
2026-06-18 16:42:18,060 [INFO] Se detectó ventana horaria activa y almuerzo pendiente. Iniciando Job de Almuerzo...
2026-06-18 16:42:18,060 [INFO] Cargando configuración desde C:\Users\Administrador\Desktop\python\solicitud_almuerzo_auto\dist\config.json
2026-06-18 16:42:18,066 [INFO] Enviando notificación Toast de Windows: Iniciando Bot - Comenzando automatización del almuerzo en SiGCA...
2026-06-18 16:42:18,606 [INFO] Enviando mensaje de texto a Telegram...
2026-06-18 16:42:18,839 [INFO] Aplicación iniciada. Bienvenido al panel de SiGCA Bot.
2026-06-18 16:42:19,217 [INFO] Mensaje de Telegram enviado con éxito.
2026-06-18 16:42:21,234 [INFO] Iniciando navegador Chromium (headless=True)...
2026-06-18 16:42:21,238 [INFO] Enviando mensaje de texto a Telegram...
2026-06-18 16:42:21,916 [INFO] Mensaje de Telegram enviado con éxito.
2026-06-18 16:42:22,368 [INFO] Enviando mensaje de texto a Telegram...
2026-06-18 16:42:23,001 [INFO] Mensaje de Telegram enviado con éxito.
2026-06-18 16:42:23,001 [INFO] Intentando iniciar sesión con el usuario: johan.carmino@ex-cle.com y contraseña tentativa...
2026-06-18 16:42:33,430 [INFO] Se detectó botón de Inicio de Sesión único (SSO) de Microsoft. Iniciando flujo SSO...
2026-06-18 16:42:33,527 [INFO] Captura de pantalla guardada: C:\Users\Administrador\Desktop\python\solicitud_almuerzo_auto\dist\evidence\2026-06-18_16-42-33_before_sso_click.png
2026-06-18 16:42:38,320 [INFO] Captura de pantalla guardada: C:\Users\Administrador\Desktop\python\solicitud_almuerzo_auto\dist\evidence\2026-06-18_16-42-37_ms_sso_email_filled.png
2026-06-18 16:42:39,631 [INFO] Captura de pantalla guardada: C:\Users\Administrador\Desktop\python\solicitud_almuerzo_auto\dist\evidence\2026-06-18_16-42-39_ms_sso_password_filled.png
2026-06-18 16:42:42,143 [WARNING] Error detectado en formulario de Microsoft SSO: Your account or password is incorrect. If you don't remember your password, reset it now.
2026-06-18 16:42:42,314 [INFO] Captura de pantalla guardada: C:\Users\Administrador\Desktop\python\solicitud_almuerzo_auto\dist\evidence\2026-06-18_16-42-42_ms_sso_error_detected.png
2026-06-18 16:42:42,315 [ERROR] No se pudo iniciar sesión con ninguna de las contraseñas provistas.
2026-06-18 16:42:42,495 [INFO] Captura de pantalla guardada: C:\Users\Administrador\Desktop\python\solicitud_almuerzo_auto\dist\evidence\2026-06-18_16-42-42_login_failed_all_attempts.png
2026-06-18 16:42:42,664 [INFO] Enviando notificación Toast de Windows: Error de Login - SiGCA - No se pudo iniciar sesión. Revisa tus credenciales.
2026-06-18 16:42:43,014 [INFO] Enviando mensaje de texto a Telegram...
2026-06-18 16:42:43,659 [INFO] Mensaje de Telegram enviado con éxito.
2026-06-18 16:42:43,660 [INFO] Enviando captura de pantalla C:\Users\Administrador\Desktop\python\solicitud_almuerzo_auto\dist\evidence\2026-06-18_16-42-42_login_failed_all_attempts.png a Telegram...
2026-06-18 16:42:45,890 [INFO] Foto de Telegram enviada con éxito.
2026-06-18 16:42:45,919 [ERROR] FALLO: No se pudo iniciar sesión con ninguna de las contraseñas provistas.
2026-06-18 16:42:45,920 [WARNING] Planificador desactivado automáticamente debido a error de credenciales/login.
2026-06-23 15:46:37,946 [INFO] Hilo Telegram Poller iniciado para escuchar comandos de salud (/status, /health).
2026-06-23 15:46:37,946 [INFO] Servidor HTTP Health Check iniciado en http://127.0.0.1:18293/
2026-06-23 15:46:37,949 [INFO] Hilo Planificador iniciado. Buscando ventana horaria 3:30 PM - 9:59 AM.
2026-06-23 15:46:39,412 [INFO] Aplicación iniciada. Bienvenido al panel de SiGCA Bot.
2026-06-23 15:46:45,913 [INFO] Prueba de comunicación con Telegram exitosa. Mensaje enviado.
2026-06-23 15:47:40,850 [INFO] Iniciando prueba manual Dry Run del bot de almuerzo...
2026-06-23 15:47:40,850 [INFO] Cargando configuración desde C:\Users\Administrador\Desktop\python\solicitud_almuerzo_auto\dist\config.json
2026-06-23 15:47:40,859 [INFO] Enviando notificación Toast de Windows: Iniciando Bot (SIMULACIÓN) - Comenzando automatización del almuerzo en SiGCA...
2026-06-23 15:47:41,295 [INFO] Enviando mensaje de texto a Telegram...
2026-06-23 15:47:41,887 [INFO] Mensaje de Telegram enviado con éxito.
2026-06-23 15:47:43,293 [INFO] Iniciando navegador Chromium (headless=True)...
2026-06-23 15:47:43,294 [INFO] Enviando mensaje de texto a Telegram...
2026-06-23 15:47:43,877 [INFO] Mensaje de Telegram enviado con éxito.
2026-06-23 15:47:44,847 [INFO] Enviando mensaje de texto a Telegram...
2026-06-23 15:47:45,436 [INFO] Mensaje de Telegram enviado con éxito.
2026-06-23 15:47:45,437 [INFO] Intentando iniciar sesión con el usuario: johan.carmino@ex-cle.com y contraseña tentativa...
2026-06-23 15:47:55,768 [INFO] Se detectó botón de Inicio de Sesión único (SSO) de Microsoft. Iniciando flujo SSO...
2026-06-23 15:47:55,865 [INFO] Captura de pantalla guardada: C:\Users\Administrador\Desktop\python\solicitud_almuerzo_auto\dist\evidence\2026-06-23_15-47-55_before_sso_click.png
2026-06-23 15:47:57,820 [INFO] Captura de pantalla guardada: C:\Users\Administrador\Desktop\python\solicitud_almuerzo_auto\dist\evidence\2026-06-23_15-47-57_ms_sso_email_filled.png
2026-06-23 15:47:59,107 [INFO] Captura de pantalla guardada: C:\Users\Administrador\Desktop\python\solicitud_almuerzo_auto\dist\evidence\2026-06-23_15-47-58_ms_sso_password_filled.png
2026-06-23 15:48:01,627 [WARNING] Error detectado en formulario de Microsoft SSO: Your account or password is incorrect. If you don't remember your password, reset it now.
2026-06-23 15:48:01,808 [INFO] Captura de pantalla guardada: C:\Users\Administrador\Desktop\python\solicitud_almuerzo_auto\dist\evidence\2026-06-23_15-48-01_ms_sso_error_detected.png
2026-06-23 15:48:01,808 [ERROR] No se pudo iniciar sesión con ninguna de las contraseñas provistas.
2026-06-23 15:48:01,988 [INFO] Captura de pantalla guardada: C:\Users\Administrador\Desktop\python\solicitud_almuerzo_auto\dist\evidence\2026-06-23_15-48-01_login_failed_all_attempts.png
2026-06-23 15:48:02,050 [INFO] Enviando notificación Toast de Windows: Error de Login - SiGCA - No se pudo iniciar sesión. Revisa tus credenciales.
2026-06-23 15:48:02,430 [INFO] Enviando mensaje de texto a Telegram...
2026-06-23 15:48:03,052 [INFO] Mensaje de Telegram enviado con éxito.
2026-06-23 15:48:03,055 [INFO] Enviando captura de pantalla C:\Users\Administrador\Desktop\python\solicitud_almuerzo_auto\dist\evidence\2026-06-23_15-48-01_login_failed_all_attempts.png a Telegram...
2026-06-23 15:48:04,326 [INFO] Foto de Telegram enviada con éxito.
2026-06-23 15:48:04,357 [ERROR] Simulación Dry-Run FALLÓ (código 1): No se pudo iniciar sesión con ninguna de las contraseñas provistas.
2026-06-23 15:58:06,533 [INFO] Hilo Telegram Poller iniciado para escuchar comandos de salud (/status, /health).
2026-06-23 15:58:06,533 [INFO] Servidor HTTP Health Check iniciado en http://127.0.0.1:18293/
2026-06-23 15:58:06,538 [INFO] Hilo Planificador iniciado. Buscando ventana horaria 3:30 PM - 9:59 AM.
2026-06-23 15:58:07,487 [INFO] Aplicación iniciada. Bienvenido al panel de SiGCA Bot.
2026-06-23 15:58:18,387 [INFO] Iniciando prueba manual Dry Run del bot de almuerzo...
2026-06-23 15:58:18,392 [INFO] Cargando configuración desde C:\Users\Administrador\Desktop\python\solicitud_almuerzo_auto\dist\config.json
2026-06-23 15:58:18,399 [INFO] Enviando notificación Toast de Windows: Iniciando Bot (SIMULACIÓN) - Comenzando automatización del almuerzo en SiGCA...
2026-06-23 15:58:18,781 [INFO] Enviando mensaje de texto a Telegram...
2026-06-23 15:58:19,399 [INFO] Mensaje de Telegram enviado con éxito.
2026-06-23 15:58:21,537 [INFO] Iniciando navegador Chromium (headless=True)...
2026-06-23 15:58:21,537 [INFO] Enviando mensaje de texto a Telegram...
2026-06-23 15:58:22,164 [INFO] Mensaje de Telegram enviado con éxito.
2026-06-23 15:58:22,772 [INFO] Enviando mensaje de texto a Telegram...
2026-06-23 15:58:23,376 [INFO] Mensaje de Telegram enviado con éxito.
2026-06-23 15:58:23,376 [INFO] Intentando iniciar sesión con el usuario: johan.carmino@ex-cle.com y contraseña tentativa...
2026-06-23 15:58:33,717 [INFO] Se detectó botón de Inicio de Sesión único (SSO) de Microsoft. Iniciando flujo SSO...
2026-06-23 15:58:33,787 [INFO] Captura de pantalla guardada: C:\Users\Administrador\Desktop\python\solicitud_almuerzo_auto\dist\evidence\2026-06-23_15-58-33_before_sso_click.png
2026-06-23 15:58:37,501 [INFO] Captura de pantalla guardada: C:\Users\Administrador\Desktop\python\solicitud_almuerzo_auto\dist\evidence\2026-06-23_15-58-36_ms_sso_email_filled.png
2026-06-23 15:58:38,796 [INFO] Captura de pantalla guardada: C:\Users\Administrador\Desktop\python\solicitud_almuerzo_auto\dist\evidence\2026-06-23_15-58-38_ms_sso_password_filled.png
2026-06-23 15:58:41,408 [INFO] Confirmando diálogo '¿Mantener la sesión iniciada?' de Microsoft...
2026-06-23 15:58:41,578 [INFO] Captura de pantalla guardada: C:\Users\Administrador\Desktop\python\solicitud_almuerzo_auto\dist\evidence\2026-06-23_15-58-41_ms_sso_stay_signed_in_prompt.png
2026-06-23 15:58:42,020 [INFO] Esperando redirección post-login...
2026-06-23 15:58:44,307 [INFO] URL actual después del envío de login: https://sigca.ex-cle.com/
2026-06-23 15:58:44,307 [INFO] ¡Inicio de sesión exitoso!
2026-06-23 15:58:44,566 [INFO] Captura de pantalla guardada: C:\Users\Administrador\Desktop\python\solicitud_almuerzo_auto\dist\evidence\2026-06-23_15-58-44_login_success.png
2026-06-23 15:58:44,567 [INFO] Navegando a la sección de almuerzo/pedidos...
2026-06-23 15:58:44,570 [INFO] Enviando mensaje de texto a Telegram...
2026-06-23 15:58:45,182 [INFO] Mensaje de Telegram enviado con éxito.
2026-06-23 15:58:48,197 [INFO] Se encontró enlace/botón de navegación con palabra clave 'Almuerzo'. Haciendo clic...
2026-06-23 15:58:50,432 [INFO] Captura de pantalla guardada: C:\Users\Administrador\Desktop\python\solicitud_almuerzo_auto\dist\evidence\2026-06-23_15-58-50_lunch_section.png
2026-06-23 15:58:50,444 [INFO] Preferencia de menú configurada: saludable
2026-06-23 15:58:50,447 [INFO] Enviando mensaje de texto a Telegram...
2026-06-23 15:58:51,047 [INFO] Mensaje de Telegram enviado con éxito.
2026-06-23 15:58:51,063 [INFO] Seleccionando menú preferido clicking en: 'text=Saludable'
2026-06-23 15:58:52,111 [INFO] Verificando existencia de campos del formulario adicional...
2026-06-23 15:58:52,133 [INFO] Intentando rellenar campo 'Ubicación' de tipo 'select' con valor 'Sede ExCle'...
2026-06-23 15:58:52,267 [INFO] Campo 'Ubicación' seleccionado con éxito.
2026-06-23 15:58:52,278 [INFO] Intentando rellenar campo 'De 1 a 5 estrellas' de tipo 'radio' con valor '3'...
2026-06-23 15:58:52,414 [INFO] Marcado radio button por rol con nombre exacto: '3'
2026-06-23 15:58:52,422 [INFO] Intentando rellenar campo 'bien cocidos' de tipo 'select' con valor 'last'...
2026-06-23 15:58:52,574 [INFO] Campo 'bien cocidos' seleccionado con éxito.
2026-06-23 15:58:52,585 [INFO] Intentando rellenar campo 'porción estaba acorde' de tipo 'select' con valor 'last'...
2026-06-23 15:58:52,721 [INFO] Campo 'porción estaba acorde' seleccionado con éxito.
2026-06-23 15:58:52,730 [INFO] Intentando rellenar campo 'condimentación de la comida' de tipo 'select' con valor '1'...
2026-06-23 15:58:52,851 [INFO] Campo 'condimentación de la comida' seleccionado con éxito.
2026-06-23 15:58:52,860 [INFO] Intentando rellenar campo 'asistir después de la 01:30' de tipo 'radio' con valor 'Sí'...
2026-06-23 15:58:52,980 [INFO] Marcado radio button por rol con nombre exacto: 'Sí'
2026-06-23 15:58:52,987 [INFO] Intentando rellenar campo 'comentario acerca del plato' de tipo 'text' con valor 'Favor quitar el jugo de melon y las porciones no tienen suficiente proteina, quedando uno con hambre'...
2026-06-23 15:58:53,101 [INFO] Campo de texto 'comentario acerca del plato' rellenado.
2026-06-23 15:58:53,267 [INFO] Captura de pantalla guardada: C:\Users\Administrador\Desktop\python\solicitud_almuerzo_auto\dist\evidence\2026-06-23_15-58-53_form_filled.png
2026-06-23 15:58:53,338 [INFO] Se encontró botón de acción: 'Enviar'
2026-06-23 15:58:53,338 [INFO] [DRY RUN] Se encontró el botón de pedido pero NO se hizo clic para no generar un pedido real.
2026-06-23 15:58:53,500 [INFO] Captura de pantalla guardada: C:\Users\Administrador\Desktop\python\solicitud_almuerzo_auto\dist\evidence\2026-06-23_15-58-53_dry_run_success.png
2026-06-23 15:58:53,572 [INFO] Enviando notificación Toast de Windows: Prueba de Pedido (Dry-Run) - Simulación completada con éxito.
2026-06-23 15:58:53,959 [INFO] Enviando mensaje de texto a Telegram...
2026-06-23 15:58:54,662 [INFO] Mensaje de Telegram enviado con éxito.
2026-06-23 15:58:54,662 [INFO] Enviando captura de pantalla C:\Users\Administrador\Desktop\python\solicitud_almuerzo_auto\dist\evidence\2026-06-23_15-58-53_dry_run_success.png a Telegram...
2026-06-23 15:58:56,413 [INFO] Foto de Telegram enviada con éxito.
2026-06-23 15:58:56,428 [INFO] Simulación Dry-Run completada con ÉXITO: [DRY RUN] Se encontró el botón de pedido pero NO se hizo clic para no generar un pedido real.
2026-06-23 16:01:35,889 [INFO] Iniciando prueba manual Dry Run del bot de almuerzo...
2026-06-23 16:01:35,890 [INFO] Cargando configuración desde C:\Users\Administrador\Desktop\python\solicitud_almuerzo_auto\dist\config.json
2026-06-23 16:01:35,909 [INFO] Enviando notificación Toast de Windows: Iniciando Bot (SIMULACIÓN) - Comenzando automatización del almuerzo en SiGCA...
2026-06-23 16:01:36,291 [INFO] Enviando mensaje de texto a Telegram...
2026-06-23 16:01:36,891 [INFO] Mensaje de Telegram enviado con éxito.
2026-06-23 16:01:37,279 [INFO] Iniciando navegador Chromium (headless=True)...
2026-06-23 16:01:37,279 [INFO] Enviando mensaje de texto a Telegram...
2026-06-23 16:01:37,904 [INFO] Mensaje de Telegram enviado con éxito.
2026-06-23 16:01:38,280 [INFO] Enviando mensaje de texto a Telegram...
2026-06-23 16:01:38,861 [INFO] Mensaje de Telegram enviado con éxito.
2026-06-23 16:01:38,861 [INFO] Intentando iniciar sesión con el usuario: johan.carmino@ex-cle.com y contraseña tentativa...
2026-06-23 16:01:41,945 [INFO] Se detectó botón de Inicio de Sesión único (SSO) de Microsoft. Iniciando flujo SSO...
2026-06-23 16:01:42,021 [INFO] Captura de pantalla guardada: C:\Users\Administrador\Desktop\python\solicitud_almuerzo_auto\dist\evidence\2026-06-23_16-01-41_before_sso_click.png
2026-06-23 16:01:44,207 [INFO] Captura de pantalla guardada: C:\Users\Administrador\Desktop\python\solicitud_almuerzo_auto\dist\evidence\2026-06-23_16-01-44_ms_sso_email_filled.png
2026-06-23 16:01:45,507 [INFO] Captura de pantalla guardada: C:\Users\Administrador\Desktop\python\solicitud_almuerzo_auto\dist\evidence\2026-06-23_16-01-45_ms_sso_password_filled.png
2026-06-23 16:01:48,127 [INFO] Confirmando diálogo '¿Mantener la sesión iniciada?' de Microsoft...
2026-06-23 16:01:48,313 [INFO] Captura de pantalla guardada: C:\Users\Administrador\Desktop\python\solicitud_almuerzo_auto\dist\evidence\2026-06-23_16-01-48_ms_sso_stay_signed_in_prompt.png
2026-06-23 16:01:48,624 [INFO] Esperando redirección post-login...
2026-06-23 16:01:50,591 [INFO] URL actual después del envío de login: https://sigca.ex-cle.com/
2026-06-23 16:01:50,591 [INFO] ¡Inicio de sesión exitoso!
2026-06-23 16:01:50,796 [INFO] Captura de pantalla guardada: C:\Users\Administrador\Desktop\python\solicitud_almuerzo_auto\dist\evidence\2026-06-23_16-01-50_login_success.png
2026-06-23 16:01:50,797 [INFO] Navegando a la sección de almuerzo/pedidos...
2026-06-23 16:01:50,803 [INFO] Enviando mensaje de texto a Telegram...
2026-06-23 16:01:51,576 [INFO] Mensaje de Telegram enviado con éxito.
2026-06-23 16:01:54,621 [INFO] Se encontró enlace/botón de navegación con palabra clave 'Almuerzo'. Haciendo clic...
2026-06-23 16:01:56,856 [INFO] Captura de pantalla guardada: C:\Users\Administrador\Desktop\python\solicitud_almuerzo_auto\dist\evidence\2026-06-23_16-01-56_lunch_section.png
2026-06-23 16:01:56,868 [INFO] Preferencia de menú configurada: saludable
2026-06-23 16:01:56,868 [INFO] Enviando mensaje de texto a Telegram...
2026-06-23 16:01:57,468 [INFO] Mensaje de Telegram enviado con éxito.
2026-06-23 16:01:57,503 [INFO] Seleccionando menú preferido clicking en: 'text=Saludable'
2026-06-23 16:01:58,551 [INFO] Verificando existencia de campos del formulario adicional...
2026-06-23 16:01:58,552 [INFO] Intentando rellenar campo 'Ubicación' de tipo 'select' con valor 'Sede ExCle'...
2026-06-23 16:01:58,681 [INFO] Campo 'Ubicación' seleccionado con éxito.
2026-06-23 16:01:58,689 [INFO] Intentando rellenar campo 'De 1 a 5 estrellas' de tipo 'radio' con valor '3'...
2026-06-23 16:01:58,825 [INFO] Marcado radio button por rol con nombre exacto: '3'
2026-06-23 16:01:58,832 [INFO] Intentando rellenar campo 'bien cocidos' de tipo 'select' con valor 'last'...
2026-06-23 16:01:58,972 [INFO] Campo 'bien cocidos' seleccionado con éxito.
2026-06-23 16:01:58,980 [INFO] Intentando rellenar campo 'porción estaba acorde' de tipo 'select' con valor 'last'...
2026-06-23 16:01:59,108 [INFO] Campo 'porción estaba acorde' seleccionado con éxito.
2026-06-23 16:01:59,118 [INFO] Intentando rellenar campo 'condimentación de la comida' de tipo 'select' con valor '1'...
2026-06-23 16:01:59,244 [INFO] Campo 'condimentación de la comida' seleccionado con éxito.
2026-06-23 16:01:59,251 [INFO] Intentando rellenar campo 'asistir después de la 01:30' de tipo 'radio' con valor 'Sí'...
2026-06-23 16:01:59,373 [INFO] Marcado radio button por rol con nombre exacto: 'Sí'
2026-06-23 16:01:59,380 [INFO] Intentando rellenar campo 'comentario acerca del plato' de tipo 'text' con valor 'Favor quitar el jugo de melon y las porciones no tienen suficiente proteina, quedando uno con hambre'...
2026-06-23 16:01:59,492 [INFO] Campo de texto 'comentario acerca del plato' rellenado.
2026-06-23 16:01:59,694 [INFO] Captura de pantalla guardada: C:\Users\Administrador\Desktop\python\solicitud_almuerzo_auto\dist\evidence\2026-06-23_16-01-59_form_filled.png
2026-06-23 16:01:59,763 [INFO] Se encontró botón de acción: 'Enviar'
2026-06-23 16:01:59,764 [INFO] [DRY RUN] Se encontró el botón de pedido pero NO se hizo clic para no generar un pedido real.
2026-06-23 16:01:59,925 [INFO] Captura de pantalla guardada: C:\Users\Administrador\Desktop\python\solicitud_almuerzo_auto\dist\evidence\2026-06-23_16-01-59_dry_run_success.png
2026-06-23 16:01:59,992 [INFO] Enviando notificación Toast de Windows: Prueba de Pedido (Dry-Run) - Simulación completada con éxito.
2026-06-23 16:02:00,367 [INFO] Enviando mensaje de texto a Telegram...
2026-06-23 16:02:00,950 [INFO] Mensaje de Telegram enviado con éxito.
2026-06-23 16:02:00,959 [INFO] Enviando captura de pantalla C:\Users\Administrador\Desktop\python\solicitud_almuerzo_auto\dist\evidence\2026-06-23_16-01-59_dry_run_success.png a Telegram...
2026-06-23 16:02:02,163 [INFO] Foto de Telegram enviada con éxito.
2026-06-23 16:02:02,189 [INFO] Simulación Dry-Run completada con ÉXITO: [DRY RUN] Se encontró el botón de pedido pero NO se hizo clic para no generar un pedido real.
2026-06-23 16:03:02,598 [INFO] Iniciando prueba manual Dry Run del bot de almuerzo...
2026-06-23 16:03:02,598 [INFO] Cargando configuración desde C:\Users\Administrador\Desktop\python\solicitud_almuerzo_auto\dist\config.json
2026-06-23 16:03:02,614 [INFO] Enviando notificación Toast de Windows: Iniciando Bot (SIMULACIÓN) - Comenzando automatización del almuerzo en SiGCA...
2026-06-23 16:03:03,011 [INFO] Enviando mensaje de texto a Telegram...
2026-06-23 16:03:03,610 [INFO] Mensaje de Telegram enviado con éxito.
2026-06-23 16:03:04,019 [INFO] Iniciando navegador Chromium (headless=True)...
2026-06-23 16:03:04,019 [INFO] Enviando mensaje de texto a Telegram...
2026-06-23 16:03:04,674 [INFO] Mensaje de Telegram enviado con éxito.
2026-06-23 16:03:05,066 [INFO] Enviando mensaje de texto a Telegram...
2026-06-23 16:03:05,689 [INFO] Mensaje de Telegram enviado con éxito.
2026-06-23 16:03:05,693 [INFO] Intentando iniciar sesión con el usuario: johan.carmino@ex-cle.com y contraseña tentativa...
2026-06-23 16:03:08,922 [INFO] Se detectó botón de Inicio de Sesión único (SSO) de Microsoft. Iniciando flujo SSO...
2026-06-23 16:03:08,993 [INFO] Captura de pantalla guardada: C:\Users\Administrador\Desktop\python\solicitud_almuerzo_auto\dist\evidence\2026-06-23_16-03-08_before_sso_click.png
2026-06-23 16:03:11,010 [INFO] Captura de pantalla guardada: C:\Users\Administrador\Desktop\python\solicitud_almuerzo_auto\dist\evidence\2026-06-23_16-03-10_ms_sso_email_filled.png
2026-06-23 16:03:12,576 [INFO] Captura de pantalla guardada: C:\Users\Administrador\Desktop\python\solicitud_almuerzo_auto\dist\evidence\2026-06-23_16-03-12_ms_sso_password_filled.png
2026-06-23 16:03:15,020 [INFO] Confirmando diálogo '¿Mantener la sesión iniciada?' de Microsoft...
2026-06-23 16:03:15,209 [INFO] Captura de pantalla guardada: C:\Users\Administrador\Desktop\python\solicitud_almuerzo_auto\dist\evidence\2026-06-23_16-03-15_ms_sso_stay_signed_in_prompt.png
2026-06-23 16:03:15,511 [INFO] Esperando redirección post-login...
2026-06-23 16:03:17,397 [INFO] URL actual después del envío de login: https://sigca.ex-cle.com/
2026-06-23 16:03:17,397 [INFO] ¡Inicio de sesión exitoso!
2026-06-23 16:03:17,610 [INFO] Captura de pantalla guardada: C:\Users\Administrador\Desktop\python\solicitud_almuerzo_auto\dist\evidence\2026-06-23_16-03-17_login_success.png
2026-06-23 16:03:17,610 [INFO] Navegando a la sección de almuerzo/pedidos...
2026-06-23 16:03:17,617 [INFO] Enviando mensaje de texto a Telegram...
2026-06-23 16:03:18,269 [INFO] Mensaje de Telegram enviado con éxito.
2026-06-23 16:03:21,302 [INFO] Se encontró enlace/botón de navegación con palabra clave 'Almuerzo'. Haciendo clic...
2026-06-23 16:03:23,537 [INFO] Captura de pantalla guardada: C:\Users\Administrador\Desktop\python\solicitud_almuerzo_auto\dist\evidence\2026-06-23_16-03-23_lunch_section.png
2026-06-23 16:03:23,550 [INFO] Preferencia de menú configurada: saludable
2026-06-23 16:03:23,550 [INFO] Enviando mensaje de texto a Telegram...
2026-06-23 16:03:24,188 [INFO] Mensaje de Telegram enviado con éxito.
2026-06-23 16:03:24,217 [INFO] Seleccionando menú preferido clicking en: 'text=Saludable'
2026-06-23 16:03:25,260 [INFO] Verificando existencia de campos del formulario adicional...
2026-06-23 16:03:25,279 [INFO] Intentando rellenar campo 'Ubicación' de tipo 'select' con valor 'Sede ExCle'...
2026-06-23 16:03:25,417 [INFO] Campo 'Ubicación' seleccionado con éxito.
2026-06-23 16:03:25,426 [INFO] Intentando rellenar campo 'De 1 a 5 estrellas' de tipo 'radio' con valor '3'...
2026-06-23 16:03:25,561 [INFO] Marcado radio button por rol con nombre exacto: '3'
2026-06-23 16:03:25,575 [INFO] Intentando rellenar campo 'bien cocidos' de tipo 'select' con valor 'last'...
2026-06-23 16:03:25,706 [INFO] Campo 'bien cocidos' seleccionado con éxito.
2026-06-23 16:03:25,715 [INFO] Intentando rellenar campo 'porción estaba acorde' de tipo 'select' con valor 'last'...
2026-06-23 16:03:25,844 [INFO] Campo 'porción estaba acorde' seleccionado con éxito.
2026-06-23 16:03:25,852 [INFO] Intentando rellenar campo 'condimentación de la comida' de tipo 'select' con valor '1'...
2026-06-23 16:03:25,981 [INFO] Campo 'condimentación de la comida' seleccionado con éxito.
2026-06-23 16:03:25,990 [INFO] Intentando rellenar campo 'asistir después de la 01:30' de tipo 'radio' con valor 'Sí'...
2026-06-23 16:03:26,120 [INFO] Marcado radio button por rol con nombre exacto: 'Sí'
2026-06-23 16:03:26,127 [INFO] Intentando rellenar campo 'comentario acerca del plato' de tipo 'text' con valor 'Favor quitar el jugo de melon y las porciones no tienen suficiente proteina, quedando uno con hambre'...
2026-06-23 16:03:26,254 [INFO] Campo de texto 'comentario acerca del plato' rellenado.
2026-06-23 16:03:26,437 [INFO] Captura de pantalla guardada: C:\Users\Administrador\Desktop\python\solicitud_almuerzo_auto\dist\evidence\2026-06-23_16-03-26_form_filled.png
2026-06-23 16:03:26,517 [INFO] Se encontró botón de acción: 'Enviar'
2026-06-23 16:03:26,517 [INFO] [DRY RUN] Se encontró el botón de pedido pero NO se hizo clic para no generar un pedido real.
2026-06-23 16:03:26,714 [INFO] Captura de pantalla guardada: C:\Users\Administrador\Desktop\python\solicitud_almuerzo_auto\dist\evidence\2026-06-23_16-03-26_dry_run_success.png
2026-06-23 16:03:26,782 [INFO] Enviando notificación Toast de Windows: Prueba de Pedido (Dry-Run) - Simulación completada con éxito.
2026-06-23 16:03:27,203 [INFO] Enviando mensaje de texto a Telegram...
2026-06-23 16:03:27,825 [INFO] Mensaje de Telegram enviado con éxito.
2026-06-23 16:03:27,826 [INFO] Enviando captura de pantalla C:\Users\Administrador\Desktop\python\solicitud_almuerzo_auto\dist\evidence\2026-06-23_16-03-26_dry_run_success.png a Telegram...
2026-06-23 16:03:28,934 [INFO] Foto de Telegram enviada con éxito.
2026-06-23 16:03:28,953 [INFO] Simulación Dry-Run completada con ÉXITO: [DRY RUN] Se encontró el botón de pedido pero NO se hizo clic para no generar un pedido real.
2026-06-23 16:09:52,389 [INFO] Configuraciones guardadas y actualizadas exitosamente.
2026-06-23 16:09:56,711 [INFO] Auto-inicio registrado exitosamente.
2026-06-23 16:09:57,717 [INFO] Configuraciones guardadas y actualizadas exitosamente.
2026-06-23 16:31:17,224 [INFO] Hilo Telegram Poller iniciado para escuchar comandos de salud (/status, /health).
2026-06-23 16:31:17,224 [INFO] Servidor HTTP Health Check iniciado en http://127.0.0.1:18293/
2026-06-23 16:31:17,224 [INFO] Hilo Planificador iniciado. Buscando ventana horaria 3:30 PM - 9:59 AM.
2026-06-23 16:31:18,184 [INFO] Aplicación iniciada. Bienvenido al panel de SiGCA Bot.
2026-06-23 16:31:29,980 [INFO] Cargando configuración desde C:\Users\Administrador\Desktop\python\solicitud_almuerzo_auto\dist\config.json
2026-06-23 16:31:29,987 [INFO] El planificador ha sido activado. Iniciando de inmediato el intento de solicitud de almuerzo en segundo plano...
2026-06-23 16:31:29,987 [INFO] Enviando notificación Toast de Windows: Planificador de Almuerzo - El planificador ha sido activado. Iniciando de inmediato el intento de solicitud de almuerzo en segundo plano...
2026-06-23 16:31:30,402 [INFO] Enviando mensaje de texto a Telegram...
2026-06-23 16:31:31,025 [INFO] Mensaje de Telegram enviado con éxito.
2026-06-23 16:31:31,025 [INFO] Cargando configuración desde C:\Users\Administrador\Desktop\python\solicitud_almuerzo_auto\dist\config.json
2026-06-23 16:31:31,090 [INFO] Enviando notificación Toast de Windows: Iniciando Bot - Comenzando automatización del almuerzo en SiGCA...
2026-06-23 16:31:31,538 [INFO] Enviando mensaje de texto a Telegram...
2026-06-23 16:31:32,141 [INFO] Mensaje de Telegram enviado con éxito.
2026-06-23 16:31:34,388 [INFO] Iniciando navegador Chromium (headless=True)...
2026-06-23 16:31:34,388 [INFO] Enviando mensaje de texto a Telegram...
2026-06-23 16:31:34,994 [INFO] Mensaje de Telegram enviado con éxito.
2026-06-23 16:31:35,499 [INFO] Enviando mensaje de texto a Telegram...
2026-06-23 16:31:36,106 [INFO] Mensaje de Telegram enviado con éxito.
2026-06-23 16:31:36,107 [INFO] Intentando iniciar sesión con el usuario: johan.carmino@ex-cle.com y contraseña tentativa...
2026-06-23 16:31:46,585 [INFO] Se detectó botón de Inicio de Sesión único (SSO) de Microsoft. Iniciando flujo SSO...
2026-06-23 16:31:46,700 [INFO] Captura de pantalla guardada: C:\Users\Administrador\Desktop\python\solicitud_almuerzo_auto\dist\evidence\2026-06-23_16-31-46_before_sso_click.png
2026-06-23 16:31:49,400 [INFO] Captura de pantalla guardada: C:\Users\Administrador\Desktop\python\solicitud_almuerzo_auto\dist\evidence\2026-06-23_16-31-49_ms_sso_email_filled.png
2026-06-23 16:31:50,843 [INFO] Captura de pantalla guardada: C:\Users\Administrador\Desktop\python\solicitud_almuerzo_auto\dist\evidence\2026-06-23_16-31-50_ms_sso_password_filled.png
2026-06-23 16:31:53,371 [INFO] Confirmando diálogo '¿Mantener la sesión iniciada?' de Microsoft...
2026-06-23 16:31:53,640 [INFO] Captura de pantalla guardada: C:\Users\Administrador\Desktop\python\solicitud_almuerzo_auto\dist\evidence\2026-06-23_16-31-53_ms_sso_stay_signed_in_prompt.png
2026-06-23 16:31:53,991 [INFO] Esperando redirección post-login...
2026-06-23 16:31:55,904 [INFO] URL actual después del envío de login: https://sigca.ex-cle.com/
2026-06-23 16:31:55,904 [INFO] ¡Inicio de sesión exitoso!
2026-06-23 16:31:56,173 [INFO] Captura de pantalla guardada: C:\Users\Administrador\Desktop\python\solicitud_almuerzo_auto\dist\evidence\2026-06-23_16-31-55_login_success.png
2026-06-23 16:31:56,173 [INFO] Navegando a la sección de almuerzo/pedidos...
2026-06-23 16:31:56,187 [INFO] Enviando mensaje de texto a Telegram...
2026-06-23 16:31:56,817 [INFO] Mensaje de Telegram enviado con éxito.
2026-06-23 16:31:59,830 [INFO] Se encontró enlace/botón de navegación con palabra clave 'Almuerzo'. Haciendo clic...
2026-06-23 16:32:02,122 [INFO] Captura de pantalla guardada: C:\Users\Administrador\Desktop\python\solicitud_almuerzo_auto\dist\evidence\2026-06-23_16-32-01_lunch_section.png
2026-06-23 16:32:02,139 [INFO] Preferencia de menú configurada: saludable
2026-06-23 16:32:02,139 [INFO] Enviando mensaje de texto a Telegram...
2026-06-23 16:32:02,767 [INFO] Mensaje de Telegram enviado con éxito.
2026-06-23 16:32:02,804 [INFO] Seleccionando menú preferido clicking en: 'text=Saludable'
2026-06-23 16:32:03,849 [INFO] Verificando existencia de campos del formulario adicional...
2026-06-23 16:32:03,859 [INFO] Intentando rellenar campo 'Ubicación' de tipo 'select' con valor 'Sede ExCle'...
2026-06-23 16:32:04,033 [INFO] Campo 'Ubicación' seleccionado con éxito.
2026-06-23 16:32:04,045 [INFO] Intentando rellenar campo 'De 1 a 5 estrellas' de tipo 'radio' con valor '3'...
2026-06-23 16:32:04,233 [INFO] Marcado radio button por rol con nombre exacto: '3'
2026-06-23 16:32:04,242 [INFO] Intentando rellenar campo 'bien cocidos' de tipo 'select' con valor 'last'...
2026-06-23 16:32:04,435 [INFO] Campo 'bien cocidos' seleccionado con éxito.
2026-06-23 16:32:04,460 [INFO] Intentando rellenar campo 'porción estaba acorde' de tipo 'select' con valor 'last'...
2026-06-23 16:32:04,650 [INFO] Campo 'porción estaba acorde' seleccionado con éxito.
2026-06-23 16:32:04,664 [INFO] Intentando rellenar campo 'condimentación de la comida' de tipo 'select' con valor '1'...
2026-06-23 16:32:04,817 [INFO] Campo 'condimentación de la comida' seleccionado con éxito.
2026-06-23 16:32:04,828 [INFO] Intentando rellenar campo 'asistir después de la 01:30' de tipo 'radio' con valor 'Sí'...
2026-06-23 16:32:04,971 [INFO] Marcado radio button por rol con nombre exacto: 'Sí'
2026-06-23 16:32:04,980 [INFO] Intentando rellenar campo 'comentario acerca del plato' de tipo 'text' con valor 'Favor quitar el jugo de melon y las porciones no tienen suficiente proteina, quedando uno con hambre'...
2026-06-23 16:32:05,114 [INFO] Campo de texto 'comentario acerca del plato' rellenado.
2026-06-23 16:32:05,332 [INFO] Captura de pantalla guardada: C:\Users\Administrador\Desktop\python\solicitud_almuerzo_auto\dist\evidence\2026-06-23_16-32-05_form_filled.png
2026-06-23 16:32:05,423 [INFO] Se encontró botón de acción: 'Enviar'
2026-06-23 16:32:05,423 [INFO] Haciendo clic en el botón de solicitud...
2026-06-23 16:32:07,967 [ERROR] Error crítico durante la automatización del almuerzo: Locator.wait_for: Error: strict mode violation: get_by_text("Solicitud Registrada").or_(get_by_text("procesado exitosamente")) resolved to 2 elements:
    1) <h3 class="text-xl md:text-2xl font-bold text-black …> ¡Solicitud Registrada! </h3> aka get_by_role("heading", name="¡Solicitud Registrada!")
    2) <p class="text-black text-xs md:text-sm"> Tu pedido ha sido procesado exitosamente. </p> aka get_by_text("Tu pedido ha sido procesado")

Call log:
waiting for get_by_text("Solicitud Registrada").or_(get_by_text("procesado exitosamente")) to be visible
Traceback (most recent call last):
  File "lunch_bot.py", line 720, in run_automation
  File "playwright\sync_api\_generated.py", line 17262, in wait_for
  File "playwright\_impl\_sync_base.py", line 115, in _sync
  File "playwright\_impl\_locator.py", line 670, in wait_for
  File "playwright\_impl\_frame.py", line 323, in wait_for_selector
  File "playwright\_impl\_connection.py", line 59, in send
  File "playwright\_impl\_connection.py", line 514, in wrap_api_call
playwright._impl._errors.Error: Locator.wait_for: Error: strict mode violation: get_by_text("Solicitud Registrada").or_(get_by_text("procesado exitosamente")) resolved to 2 elements:
    1) <h3 class="text-xl md:text-2xl font-bold text-black …> ¡Solicitud Registrada! </h3> aka get_by_role("heading", name="¡Solicitud Registrada!")
    2) <p class="text-black text-xs md:text-sm"> Tu pedido ha sido procesado exitosamente. </p> aka get_by_text("Tu pedido ha sido procesado")

Call log:
waiting for get_by_text("Solicitud Registrada").or_(get_by_text("procesado exitosamente")) to be visible

2026-06-23 16:32:07,967 [INFO] Enviando notificación Toast de Windows: Error en Automatización - Ocurrió un error inesperado al procesar la solicitud.
2026-06-23 16:32:08,409 [INFO] Enviando mensaje de texto a Telegram...
2026-06-23 16:32:08,881 [ERROR] Error al enviar mensaje a Telegram: HTTP Error 400: Bad Request
2026-06-23 16:32:08,885 [ERROR] FALLO: Error crítico durante la automatización del almuerzo: Locator.wait_for: Error: strict mode violation: get_by_text("Solicitud Registrada").or_(get_by_text("procesado exitosamente")) resolved to 2 elements:
    1) <h3 class="text-xl md:text-2xl font-bold text-black …> ¡Solicitud Registrada! </h3> aka get_by_role("heading", name="¡Solicitud Registrada!")
    2) <p class="text-black text-xs md:text-sm"> Tu pedido ha sido procesado exitosamente. </p> aka get_by_text("Tu pedido ha sido procesado")

Call log:
waiting for get_by_text("Solicitud Registrada").or_(get_by_text("procesado exitosamente")) to be visible

2026-06-23 16:37:17,386 [INFO] Cargando configuración desde C:\Users\Administrador\Desktop\python\solicitud_almuerzo_auto\dist\config.json
2026-06-23 16:37:17,388 [INFO] Se detectó ventana horaria activa y almuerzo pendiente. Iniciando Job de Almuerzo...
2026-06-23 16:37:17,395 [INFO] Cargando configuración desde C:\Users\Administrador\Desktop\python\solicitud_almuerzo_auto\dist\config.json
2026-06-23 16:37:17,407 [INFO] Enviando notificación Toast de Windows: Iniciando Bot - Comenzando automatización del almuerzo en SiGCA...
2026-06-23 16:37:17,767 [INFO] Enviando mensaje de texto a Telegram...
2026-06-23 16:37:18,384 [INFO] Mensaje de Telegram enviado con éxito.
2026-06-23 16:37:18,864 [INFO] Iniciando navegador Chromium (headless=True)...
2026-06-23 16:37:18,864 [INFO] Enviando mensaje de texto a Telegram...
2026-06-23 16:37:19,464 [INFO] Mensaje de Telegram enviado con éxito.
2026-06-23 16:37:19,850 [INFO] Enviando mensaje de texto a Telegram...
2026-06-23 16:37:20,500 [INFO] Mensaje de Telegram enviado con éxito.
2026-06-23 16:37:20,500 [INFO] Intentando iniciar sesión con el usuario: johan.carmino@ex-cle.com y contraseña tentativa...
2026-06-23 16:37:23,683 [INFO] Se detectó botón de Inicio de Sesión único (SSO) de Microsoft. Iniciando flujo SSO...
2026-06-23 16:37:23,783 [INFO] Captura de pantalla guardada: C:\Users\Administrador\Desktop\python\solicitud_almuerzo_auto\dist\evidence\2026-06-23_16-37-23_before_sso_click.png
2026-06-23 16:37:25,933 [INFO] Captura de pantalla guardada: C:\Users\Administrador\Desktop\python\solicitud_almuerzo_auto\dist\evidence\2026-06-23_16-37-25_ms_sso_email_filled.png
2026-06-23 16:37:27,384 [INFO] Captura de pantalla guardada: C:\Users\Administrador\Desktop\python\solicitud_almuerzo_auto\dist\evidence\2026-06-23_16-37-27_ms_sso_password_filled.png
2026-06-23 16:37:30,042 [INFO] Confirmando diálogo '¿Mantener la sesión iniciada?' de Microsoft...
2026-06-23 16:37:30,259 [INFO] Captura de pantalla guardada: C:\Users\Administrador\Desktop\python\solicitud_almuerzo_auto\dist\evidence\2026-06-23_16-37-30_ms_sso_stay_signed_in_prompt.png
2026-06-23 16:37:30,593 [INFO] Esperando redirección post-login...
2026-06-23 16:37:32,435 [INFO] URL actual después del envío de login: https://sigca.ex-cle.com/
2026-06-23 16:37:32,436 [INFO] ¡Inicio de sesión exitoso!
2026-06-23 16:37:32,693 [INFO] Captura de pantalla guardada: C:\Users\Administrador\Desktop\python\solicitud_almuerzo_auto\dist\evidence\2026-06-23_16-37-32_login_success.png
2026-06-23 16:37:32,693 [INFO] Navegando a la sección de almuerzo/pedidos...
2026-06-23 16:37:32,701 [INFO] Enviando mensaje de texto a Telegram...
2026-06-23 16:37:33,269 [INFO] Mensaje de Telegram enviado con éxito.
2026-06-23 16:37:36,304 [INFO] Se encontró enlace/botón de navegación con palabra clave 'Almuerzo'. Haciendo clic...
2026-06-23 16:37:38,611 [INFO] Captura de pantalla guardada: C:\Users\Administrador\Desktop\python\solicitud_almuerzo_auto\dist\evidence\2026-06-23_16-37-38_lunch_section.png
2026-06-23 16:37:38,626 [INFO] Se detectó almuerzo ya solicitado previamente (coincidencia con 'solicitud registrada').
2026-06-23 16:37:38,631 [INFO] El almuerzo ya ha sido solicitado para hoy/mañana. No se requiere acción adicional.
2026-06-23 16:37:38,792 [INFO] Captura de pantalla guardada: C:\Users\Administrador\Desktop\python\solicitud_almuerzo_auto\dist\evidence\2026-06-23_16-37-38_lunch_already_ordered.png
2026-06-23 16:37:38,865 [INFO] Enviando notificación Toast de Windows: Almuerzo Ya Solicitado - El almuerzo ya fue solicitado previamente.
2026-06-23 16:37:39,347 [INFO] Enviando mensaje de texto a Telegram...
2026-06-23 16:37:39,950 [INFO] Mensaje de Telegram enviado con éxito.
2026-06-23 16:37:39,968 [INFO] ÉXITO: El almuerzo ya ha sido solicitado para hoy/mañana. No se requiere acción adicional.
2026-06-23 16:41:24,160 [INFO] Aplicación minimizada a la bandeja del sistema.
2026-06-23 17:04:30,827 [INFO] Hilo Telegram Poller iniciado para escuchar comandos de salud (/status, /health).
2026-06-23 17:04:30,827 [INFO] Hilo Planificador iniciado. Buscando ventana horaria 3:30 PM - 9:59 AM.
2026-06-23 17:04:30,931 [INFO] Servidor HTTP Health Check iniciado en http://127.0.0.1:18293/
2026-06-23 17:04:31,576 [INFO] Aplicación iniciada. Bienvenido al panel de SiGCA Bot.
2026-06-23 17:04:45,907 [INFO] Iniciando solicitud de cancelación del almuerzo...
2026-06-23 17:04:45,907 [INFO] Cargando configuración desde C:\Users\Administrador\Desktop\python\solicitud_almuerzo_auto\dist\config.json
2026-06-23 17:04:45,914 [INFO] Enviando notificación Toast de Windows: Cancelando Almuerzo - Iniciando proceso de cancelación en SiGCA...
2026-06-23 17:04:46,347 [INFO] Enviando mensaje de texto a Telegram...
2026-06-23 17:04:46,951 [INFO] Mensaje de Telegram enviado con éxito.
2026-06-23 17:04:49,157 [INFO] Iniciando navegador Chromium (headless=True) para cancelación...
2026-06-23 17:04:49,620 [INFO] Intentando iniciar sesión con el usuario: johan.carmino@ex-cle.com y contraseña tentativa...
2026-06-23 17:04:59,953 [INFO] Se detectó botón de Inicio de Sesión único (SSO) de Microsoft. Iniciando flujo SSO...
2026-06-23 17:05:00,050 [INFO] Captura de pantalla guardada: C:\Users\Administrador\Desktop\python\solicitud_almuerzo_auto\dist\evidence\2026-06-23_17-04-59_before_sso_click.png
2026-06-23 17:05:03,653 [INFO] Captura de pantalla guardada: C:\Users\Administrador\Desktop\python\solicitud_almuerzo_auto\dist\evidence\2026-06-23_17-05-02_ms_sso_email_filled.png
2026-06-23 17:05:04,933 [INFO] Captura de pantalla guardada: C:\Users\Administrador\Desktop\python\solicitud_almuerzo_auto\dist\evidence\2026-06-23_17-05-04_ms_sso_password_filled.png
2026-06-23 17:05:07,358 [INFO] Confirmando diálogo '¿Mantener la sesión iniciada?' de Microsoft...
2026-06-23 17:05:07,549 [INFO] Captura de pantalla guardada: C:\Users\Administrador\Desktop\python\solicitud_almuerzo_auto\dist\evidence\2026-06-23_17-05-07_ms_sso_stay_signed_in_prompt.png
2026-06-23 17:05:07,840 [INFO] Esperando redirección post-login...
2026-06-23 17:05:09,574 [INFO] URL actual después del envío de login: https://sigca.ex-cle.com/
2026-06-23 17:05:09,575 [INFO] ¡Inicio de sesión exitoso!
2026-06-23 17:05:09,801 [INFO] Captura de pantalla guardada: C:\Users\Administrador\Desktop\python\solicitud_almuerzo_auto\dist\evidence\2026-06-23_17-05-09_login_success.png
2026-06-23 17:05:09,801 [INFO] Navegando a la sección de almuerzos...
2026-06-23 17:05:15,034 [INFO] Captura de pantalla guardada: C:\Users\Administrador\Desktop\python\solicitud_almuerzo_auto\dist\evidence\2026-06-23_17-05-14_cancel_section.png
2026-06-23 17:05:15,052 [INFO] Haciendo clic en el botón 'Cancelar solicitud'...
2026-06-23 17:05:18,252 [INFO] Captura de pantalla guardada: C:\Users\Administrador\Desktop\python\solicitud_almuerzo_auto\dist\evidence\2026-06-23_17-05-18_cancel_success.png
2026-06-23 17:05:18,252 [INFO] La solicitud de almuerzo ha sido cancelada con éxito.
2026-06-23 17:05:18,336 [INFO] Cargando configuración desde C:\Users\Administrador\Desktop\python\solicitud_almuerzo_auto\dist\config.json
2026-06-23 17:05:18,338 [INFO] Enviando mensaje de texto a Telegram...
2026-06-23 17:05:18,927 [INFO] Mensaje de Telegram enviado con éxito.
2026-06-23 17:05:29,875 [INFO] Aplicación minimizada a la bandeja del sistema.
2026-06-23 17:10:30,942 [INFO] Cargando configuración desde C:\Users\Administrador\Desktop\python\solicitud_almuerzo_auto\dist\config.json
2026-06-23 17:10:30,946 [INFO] Se detectó ventana horaria activa y almuerzo pendiente. Iniciando Job de Almuerzo...
2026-06-23 17:10:30,952 [INFO] Cargando configuración desde C:\Users\Administrador\Desktop\python\solicitud_almuerzo_auto\dist\config.json
2026-06-23 17:10:30,968 [INFO] Enviando notificación Toast de Windows: Iniciando Bot - Comenzando automatización del almuerzo en SiGCA...
2026-06-23 17:10:31,361 [INFO] Enviando mensaje de texto a Telegram...
2026-06-23 17:10:32,810 [INFO] Mensaje de Telegram enviado con éxito.
2026-06-23 17:10:33,246 [INFO] Iniciando navegador Chromium (headless=True)...
2026-06-23 17:10:33,246 [INFO] Enviando mensaje de texto a Telegram...
2026-06-23 17:10:34,045 [INFO] Mensaje de Telegram enviado con éxito.
2026-06-23 17:10:34,403 [INFO] Enviando mensaje de texto a Telegram...
2026-06-23 17:10:36,203 [INFO] Mensaje de Telegram enviado con éxito.
2026-06-23 17:10:36,203 [INFO] Intentando iniciar sesión con el usuario: johan.carmino@ex-cle.com y contraseña tentativa...
2026-06-23 17:10:39,427 [INFO] Se detectó botón de Inicio de Sesión único (SSO) de Microsoft. Iniciando flujo SSO...
2026-06-23 17:10:39,542 [INFO] Captura de pantalla guardada: C:\Users\Administrador\Desktop\python\solicitud_almuerzo_auto\dist\evidence\2026-06-23_17-10-39_before_sso_click.png
2026-06-23 17:10:41,687 [INFO] Captura de pantalla guardada: C:\Users\Administrador\Desktop\python\solicitud_almuerzo_auto\dist\evidence\2026-06-23_17-10-41_ms_sso_email_filled.png
2026-06-23 17:11:30,712 [INFO] Hilo Telegram Poller iniciado para escuchar comandos de salud (/status, /health).
2026-06-23 17:11:30,714 [INFO] Hilo Planificador iniciado. Buscando ventana horaria 3:30 PM - 9:59 AM.
2026-06-23 17:11:30,968 [INFO] Servidor HTTP Health Check iniciado en http://127.0.0.1:18293/
2026-06-23 17:11:30,979 [INFO] Cargando configuración desde C:\Users\Administrador\Desktop\python\solicitud_almuerzo_auto\dist\config.json
2026-06-23 17:11:31,057 [INFO] Se detectó ventana horaria activa y almuerzo pendiente. Iniciando Job de Almuerzo...
2026-06-23 17:11:31,057 [INFO] Cargando configuración desde C:\Users\Administrador\Desktop\python\solicitud_almuerzo_auto\dist\config.json
2026-06-23 17:11:31,063 [INFO] Enviando notificación Toast de Windows: Iniciando Bot - Comenzando automatización del almuerzo en SiGCA...
2026-06-23 17:11:32,010 [INFO] Enviando mensaje de texto a Telegram...
2026-06-23 17:11:32,553 [INFO] Aplicación iniciada. Bienvenido al panel de SiGCA Bot.
2026-06-23 17:11:32,632 [INFO] Mensaje de Telegram enviado con éxito.
2026-06-23 17:11:35,712 [INFO] Iniciando navegador Chromium (headless=True)...
2026-06-23 17:11:35,713 [INFO] Enviando mensaje de texto a Telegram...
2026-06-23 17:11:36,320 [INFO] Mensaje de Telegram enviado con éxito.
2026-06-23 17:14:37,817 [INFO] Hilo Telegram Poller iniciado para escuchar comandos de salud (/status, /health).
2026-06-23 17:14:37,817 [INFO] Servidor HTTP Health Check iniciado en http://127.0.0.1:18293/
2026-06-23 17:14:37,819 [INFO] Hilo Planificador iniciado. Buscando ventana horaria 3:30 PM - 9:59 AM.
2026-06-23 17:14:37,941 [INFO] Cargando configuración desde C:\Users\Administrador\Desktop\python\solicitud_almuerzo_auto\dist\config.json
2026-06-23 17:14:37,945 [INFO] Se detectó ventana horaria activa y almuerzo pendiente. Iniciando Job de Almuerzo...
2026-06-23 17:14:37,945 [INFO] Cargando configuración desde C:\Users\Administrador\Desktop\python\solicitud_almuerzo_auto\dist\config.json
2026-06-23 17:14:37,947 [INFO] Enviando notificación Toast de Windows: Iniciando Bot - Comenzando automatización del almuerzo en SiGCA...
2026-06-23 17:14:38,307 [INFO] Enviando mensaje de texto a Telegram...
2026-06-23 17:14:38,499 [INFO] Aplicación iniciada. Bienvenido al panel de SiGCA Bot.
2026-06-23 17:14:38,887 [INFO] Mensaje de Telegram enviado con éxito.
2026-06-23 17:14:40,339 [INFO] Iniciando navegador Chromium (headless=True)...
2026-06-23 17:14:40,339 [INFO] Enviando mensaje de texto a Telegram...
2026-06-23 17:14:40,925 [INFO] Mensaje de Telegram enviado con éxito.
2026-06-23 17:14:41,323 [INFO] Enviando mensaje de texto a Telegram...
2026-06-23 17:14:41,908 [INFO] Mensaje de Telegram enviado con éxito.
2026-06-23 17:14:41,908 [INFO] Intentando iniciar sesión con el usuario: johan.carmino@ex-cle.com y contraseña tentativa...
2026-06-23 17:14:44,949 [INFO] Se detectó botón de Inicio de Sesión único (SSO) de Microsoft. Iniciando flujo SSO...
2026-06-23 17:14:45,020 [INFO] Captura de pantalla guardada: C:\Users\Administrador\Desktop\python\solicitud_almuerzo_auto\dist\evidence\2026-06-23_17-14-44_before_sso_click.png
2026-06-23 17:14:47,481 [INFO] Captura de pantalla guardada: C:\Users\Administrador\Desktop\python\solicitud_almuerzo_auto\dist\evidence\2026-06-23_17-14-47_ms_sso_email_filled.png
2026-06-23 17:14:48,902 [INFO] Captura de pantalla guardada: C:\Users\Administrador\Desktop\python\solicitud_almuerzo_auto\dist\evidence\2026-06-23_17-14-48_ms_sso_password_filled.png
2026-06-23 17:14:51,407 [INFO] Confirmando diálogo '¿Mantener la sesión iniciada?' de Microsoft...
2026-06-23 17:14:51,588 [INFO] Captura de pantalla guardada: C:\Users\Administrador\Desktop\python\solicitud_almuerzo_auto\dist\evidence\2026-06-23_17-14-51_ms_sso_stay_signed_in_prompt.png
2026-06-23 17:14:51,852 [INFO] Esperando redirección post-login...
2026-06-23 17:14:53,201 [INFO] Iniciando solicitud de cancelación del almuerzo...
2026-06-23 17:14:53,203 [INFO] Cargando configuración desde C:\Users\Administrador\Desktop\python\solicitud_almuerzo_auto\dist\config.json
2026-06-23 17:14:53,212 [INFO] Enviando notificación Toast de Windows: Cancelando Almuerzo - Iniciando proceso de cancelación en SiGCA...
2026-06-23 17:14:53,652 [INFO] URL actual después del envío de login: https://sigca.ex-cle.com/
2026-06-23 17:14:53,653 [INFO] ¡Inicio de sesión exitoso!
2026-06-23 17:14:53,687 [INFO] Enviando mensaje de texto a Telegram...
2026-06-23 17:14:53,959 [INFO] Captura de pantalla guardada: C:\Users\Administrador\Desktop\python\solicitud_almuerzo_auto\dist\evidence\2026-06-23_17-14-53_login_success.png
2026-06-23 17:14:53,960 [INFO] Navegando a la sección de almuerzo/pedidos...
2026-06-23 17:14:53,972 [INFO] Enviando mensaje de texto a Telegram...
2026-06-23 17:14:54,311 [INFO] Mensaje de Telegram enviado con éxito.
2026-06-23 17:14:54,603 [INFO] Mensaje de Telegram enviado con éxito.
2026-06-23 17:14:54,900 [INFO] Iniciando navegador Chromium (headless=True) para cancelación...
2026-06-23 17:14:55,385 [INFO] Intentando iniciar sesión con el usuario: johan.carmino@ex-cle.com y contraseña tentativa...
2026-06-23 17:14:57,626 [INFO] Se encontró enlace/botón de navegación con palabra clave 'Almuerzo'. Haciendo clic...
2026-06-23 17:14:58,535 [INFO] Se detectó botón de Inicio de Sesión único (SSO) de Microsoft. Iniciando flujo SSO...
2026-06-23 17:14:58,637 [INFO] Captura de pantalla guardada: C:\Users\Administrador\Desktop\python\solicitud_almuerzo_auto\dist\evidence\2026-06-23_17-14-58_before_sso_click.png
2026-06-23 17:14:59,845 [INFO] Captura de pantalla guardada: C:\Users\Administrador\Desktop\python\solicitud_almuerzo_auto\dist\evidence\2026-06-23_17-14-59_lunch_section.png
2026-06-23 17:14:59,862 [INFO] Se detectó almuerzo ya solicitado previamente (coincidencia con 'solicitud registrada').
2026-06-23 17:14:59,866 [INFO] El almuerzo ya ha sido solicitado para hoy/mañana. No se requiere acción adicional.
2026-06-23 17:15:00,247 [INFO] Captura de pantalla guardada: C:\Users\Administrador\Desktop\python\solicitud_almuerzo_auto\dist\evidence\2026-06-23_17-14-59_lunch_already_ordered.png
2026-06-23 17:15:01,116 [INFO] Enviando notificación Toast de Windows: Almuerzo Ya Solicitado - El almuerzo ya fue solicitado previamente.
2026-06-23 17:15:01,955 [INFO] Captura de pantalla guardada: C:\Users\Administrador\Desktop\python\solicitud_almuerzo_auto\dist\evidence\2026-06-23_17-15-01_ms_sso_email_filled.png
2026-06-23 17:15:02,171 [INFO] Enviando mensaje de texto a Telegram...
2026-06-23 17:15:02,779 [INFO] Mensaje de Telegram enviado con éxito.
2026-06-23 17:15:02,812 [INFO] ÉXITO: El almuerzo ya ha sido solicitado para hoy/mañana. No se requiere acción adicional.
2026-06-23 17:15:03,488 [INFO] Captura de pantalla guardada: C:\Users\Administrador\Desktop\python\solicitud_almuerzo_auto\dist\evidence\2026-06-23_17-15-03_ms_sso_password_filled.png
2026-06-23 17:15:06,985 [INFO] Confirmando diálogo '¿Mantener la sesión iniciada?' de Microsoft...
2026-06-23 17:15:07,195 [INFO] Captura de pantalla guardada: C:\Users\Administrador\Desktop\python\solicitud_almuerzo_auto\dist\evidence\2026-06-23_17-15-06_ms_sso_stay_signed_in_prompt.png
2026-06-23 17:15:07,497 [INFO] Esperando redirección post-login...
2026-06-23 17:15:09,208 [INFO] URL actual después del envío de login: https://sigca.ex-cle.com/
2026-06-23 17:15:09,210 [INFO] ¡Inicio de sesión exitoso!
2026-06-23 17:15:09,490 [INFO] Captura de pantalla guardada: C:\Users\Administrador\Desktop\python\solicitud_almuerzo_auto\dist\evidence\2026-06-23_17-15-09_login_success.png
2026-06-23 17:15:09,492 [INFO] Navegando a la sección de almuerzos...
2026-06-23 17:15:14,750 [INFO] Captura de pantalla guardada: C:\Users\Administrador\Desktop\python\solicitud_almuerzo_auto\dist\evidence\2026-06-23_17-15-14_cancel_section.png
2026-06-23 17:15:14,779 [INFO] Haciendo clic en el botón 'Cancelar solicitud'...
2026-06-23 17:15:14,859 [INFO] Esperando el modal de confirmación...
2026-06-23 17:15:18,509 [INFO] Captura de pantalla guardada: C:\Users\Administrador\Desktop\python\solicitud_almuerzo_auto\dist\evidence\2026-06-23_17-15-18_cancel_success.png
2026-06-23 17:15:18,511 [INFO] La solicitud de almuerzo ha sido cancelada con éxito.
2026-06-23 17:15:18,624 [INFO] Cargando configuración desde C:\Users\Administrador\Desktop\python\solicitud_almuerzo_auto\dist\config.json
2026-06-23 17:15:18,626 [INFO] Enviando mensaje de texto a Telegram...
2026-06-23 17:15:19,211 [INFO] Mensaje de Telegram enviado con éxito.
2026-06-23 17:16:39,123 [INFO] Auto-inicio registrado exitosamente.
2026-06-23 17:16:40,142 [INFO] Configuraciones guardadas y actualizadas exitosamente.
2026-06-23 17:16:47,842 [INFO] Aplicación minimizada a la bandeja del sistema.
2026-06-23 17:17:05,746 [INFO] Aplicación minimizada a la bandeja del sistema.
2026-06-23 17:20:48,783 [INFO] Aplicación minimizada a la bandeja del sistema.
2026-06-23 17:21:02,861 [INFO] Cargando configuración desde C:\Users\Administrador\Desktop\python\solicitud_almuerzo_auto\dist\config.json
2026-06-23 17:21:02,863 [INFO] Se detectó ventana horaria activa y almuerzo pendiente. Iniciando Job de Almuerzo...
2026-06-23 17:21:02,869 [INFO] Cargando configuración desde C:\Users\Administrador\Desktop\python\solicitud_almuerzo_auto\dist\config.json
2026-06-23 17:21:02,879 [INFO] Enviando notificación Toast de Windows: Iniciando Bot - Comenzando automatización del almuerzo en SiGCA...
2026-06-23 17:21:03,237 [INFO] Enviando mensaje de texto a Telegram...
2026-06-23 17:21:03,877 [INFO] Mensaje de Telegram enviado con éxito.
2026-06-23 17:21:04,289 [INFO] Iniciando navegador Chromium (headless=True)...
2026-06-23 17:21:04,290 [INFO] Enviando mensaje de texto a Telegram...
2026-06-23 17:21:04,897 [INFO] Mensaje de Telegram enviado con éxito.
2026-06-23 17:21:05,315 [INFO] Enviando mensaje de texto a Telegram...
2026-06-23 17:21:05,918 [INFO] Mensaje de Telegram enviado con éxito.
2026-06-23 17:21:05,920 [INFO] Intentando iniciar sesión con el usuario: johan.carmino@ex-cle.com y contraseña tentativa...
2026-06-23 17:21:09,025 [INFO] Se detectó botón de Inicio de Sesión único (SSO) de Microsoft. Iniciando flujo SSO...
2026-06-23 17:21:09,127 [INFO] Captura de pantalla guardada: C:\Users\Administrador\Desktop\python\solicitud_almuerzo_auto\dist\evidence\2026-06-23_17-21-09_before_sso_click.png
2026-06-23 17:21:13,279 [INFO] Captura de pantalla guardada: C:\Users\Administrador\Desktop\python\solicitud_almuerzo_auto\dist\evidence\2026-06-23_17-21-12_ms_sso_email_filled.png
2026-06-23 17:21:14,741 [INFO] Captura de pantalla guardada: C:\Users\Administrador\Desktop\python\solicitud_almuerzo_auto\dist\evidence\2026-06-23_17-21-14_ms_sso_password_filled.png
2026-06-23 17:21:18,004 [INFO] Confirmando diálogo '¿Mantener la sesión iniciada?' de Microsoft...
2026-06-23 17:21:18,217 [INFO] Captura de pantalla guardada: C:\Users\Administrador\Desktop\python\solicitud_almuerzo_auto\dist\evidence\2026-06-23_17-21-18_ms_sso_stay_signed_in_prompt.png
2026-06-23 17:21:18,533 [INFO] Esperando redirección post-login...
2026-06-23 17:21:20,426 [INFO] URL actual después del envío de login: https://sigca.ex-cle.com/
2026-06-23 17:21:20,427 [INFO] ¡Inicio de sesión exitoso!
2026-06-23 17:21:20,731 [INFO] Captura de pantalla guardada: C:\Users\Administrador\Desktop\python\solicitud_almuerzo_auto\dist\evidence\2026-06-23_17-21-20_login_success.png
2026-06-23 17:21:20,731 [INFO] Navegando a la sección de almuerzo/pedidos...
2026-06-23 17:21:20,747 [INFO] Enviando mensaje de texto a Telegram...
2026-06-23 17:21:21,348 [INFO] Mensaje de Telegram enviado con éxito.
2026-06-23 17:21:24,368 [INFO] Se encontró enlace/botón de navegación con palabra clave 'Almuerzo'. Haciendo clic...
2026-06-23 17:21:26,637 [INFO] Captura de pantalla guardada: C:\Users\Administrador\Desktop\python\solicitud_almuerzo_auto\dist\evidence\2026-06-23_17-21-26_lunch_section.png
2026-06-23 17:21:26,654 [INFO] Preferencia de menú configurada: estándar
2026-06-23 17:21:26,654 [INFO] Enviando mensaje de texto a Telegram...
2026-06-23 17:21:27,291 [INFO] Mensaje de Telegram enviado con éxito.
2026-06-23 17:21:27,314 [INFO] Seleccionando menú preferido clicking en: 'text=Estándar'
2026-06-23 17:21:28,359 [INFO] Verificando existencia de campos del formulario adicional...
2026-06-23 17:21:28,369 [INFO] Intentando rellenar campo 'Ubicación' de tipo 'select' con valor 'Sede ExCle'...
2026-06-23 17:21:28,500 [INFO] Campo 'Ubicación' seleccionado con éxito.
2026-06-23 17:21:28,510 [INFO] Intentando rellenar campo 'De 1 a 5 estrellas' de tipo 'radio' con valor '3'...
2026-06-23 17:21:28,656 [INFO] Marcado radio button por rol con nombre exacto: '3'
2026-06-23 17:21:28,669 [INFO] Intentando rellenar campo 'bien cocidos' de tipo 'select' con valor 'last'...
2026-06-23 17:21:28,826 [INFO] Campo 'bien cocidos' seleccionado con éxito.
2026-06-23 17:21:28,837 [INFO] Intentando rellenar campo 'porción estaba acorde' de tipo 'select' con valor 'last'...
2026-06-23 17:21:28,993 [INFO] Campo 'porción estaba acorde' seleccionado con éxito.
2026-06-23 17:21:29,005 [INFO] Intentando rellenar campo 'condimentación de la comida' de tipo 'select' con valor '1'...
2026-06-23 17:21:29,145 [INFO] Campo 'condimentación de la comida' seleccionado con éxito.
2026-06-23 17:21:29,154 [INFO] Intentando rellenar campo 'asistir después de la 01:30' de tipo 'radio' con valor 'Sí'...
2026-06-23 17:21:29,302 [INFO] Marcado radio button por rol con nombre exacto: 'Sí'
2026-06-23 17:21:29,310 [INFO] Intentando rellenar campo 'comentario acerca del plato' de tipo 'text' con valor 'Favor quitar el jugo de melon y las porciones no tienen suficiente proteina, quedando uno con hambre'...
2026-06-23 17:21:29,481 [INFO] Campo de texto 'comentario acerca del plato' rellenado.
2026-06-23 17:21:29,664 [INFO] Captura de pantalla guardada: C:\Users\Administrador\Desktop\python\solicitud_almuerzo_auto\dist\evidence\2026-06-23_17-21-29_form_filled.png
2026-06-23 17:21:29,754 [INFO] Se encontró botón de acción: 'Enviar'
2026-06-23 17:21:29,754 [INFO] Haciendo clic en el botón de solicitud...
2026-06-23 17:21:32,204 [INFO] El mensaje de éxito apareció en pantalla. Solicitud confirmada.
2026-06-23 17:21:32,389 [INFO] Captura de pantalla guardada: C:\Users\Administrador\Desktop\python\solicitud_almuerzo_auto\dist\evidence\2026-06-23_17-21-32_post_order_click.png
2026-06-23 17:21:32,390 [INFO] Flujo de solicitud completado. Registrando éxito.
2026-06-23 17:21:32,522 [INFO] Enviando notificación Toast de Windows: Almuerzo Solicitado - ¡La solicitud de almuerzo ha sido registrada exitosamente!
2026-06-23 17:21:32,933 [INFO] Enviando mensaje de texto a Telegram...
2026-06-23 17:21:33,567 [INFO] Mensaje de Telegram enviado con éxito.
2026-06-23 17:21:33,568 [INFO] Enviando captura de pantalla C:\Users\Administrador\Desktop\python\solicitud_almuerzo_auto\dist\evidence\2026-06-23_17-21-32_post_order_click.png a Telegram...
2026-06-23 17:21:35,350 [INFO] Foto de Telegram enviada con éxito.
2026-06-23 17:21:35,367 [INFO] ÉXITO: Solicitud exitosa: El mensaje de éxito apareció en pantalla. Solicitud confirmada.
2026-06-23 17:22:06,923 [INFO] Aplicación minimizada a la bandeja del sistema.
2026-06-23 17:24:16,267 [INFO] Aplicación minimizada a la bandeja del sistema.
2026-06-24 00:00:37,599 [INFO] Cargando configuración desde C:\Users\Administrador\Desktop\python\solicitud_almuerzo_auto\dist\config.json
2026-06-24 00:00:37,605 [INFO] Se detectó ventana horaria activa y almuerzo pendiente. Iniciando Job de Almuerzo...
2026-06-24 00:00:37,610 [INFO] Cargando configuración desde C:\Users\Administrador\Desktop\python\solicitud_almuerzo_auto\dist\config.json
2026-06-24 00:00:37,619 [INFO] Enviando notificación Toast de Windows: Iniciando Bot - Comenzando automatización del almuerzo en SiGCA...
2026-06-24 00:00:38,897 [INFO] Enviando mensaje de texto a Telegram...
2026-06-24 00:00:39,491 [INFO] Mensaje de Telegram enviado con éxito.
2026-06-24 00:00:48,914 [INFO] Iniciando navegador Chromium (headless=True)...
2026-06-24 00:00:48,914 [INFO] Enviando mensaje de texto a Telegram...
2026-06-24 00:00:49,493 [INFO] Mensaje de Telegram enviado con éxito.
2026-06-24 00:00:51,232 [INFO] Enviando mensaje de texto a Telegram...
2026-06-24 00:00:51,821 [INFO] Mensaje de Telegram enviado con éxito.
2026-06-24 00:00:51,821 [INFO] Intentando iniciar sesión con el usuario: johan.carmino@ex-cle.com y contraseña tentativa...
2026-06-24 00:01:02,257 [INFO] Se detectó botón de Inicio de Sesión único (SSO) de Microsoft. Iniciando flujo SSO...
2026-06-24 00:01:02,391 [INFO] Captura de pantalla guardada: C:\Users\Administrador\Desktop\python\solicitud_almuerzo_auto\dist\evidence\2026-06-24_00-01-02_before_sso_click.png
2026-06-24 00:01:06,007 [INFO] Captura de pantalla guardada: C:\Users\Administrador\Desktop\python\solicitud_almuerzo_auto\dist\evidence\2026-06-24_00-01-04_ms_sso_email_filled.png
2026-06-24 00:01:07,330 [INFO] Captura de pantalla guardada: C:\Users\Administrador\Desktop\python\solicitud_almuerzo_auto\dist\evidence\2026-06-24_00-01-07_ms_sso_password_filled.png
2026-06-24 00:01:09,901 [INFO] Confirmando diálogo '¿Mantener la sesión iniciada?' de Microsoft...
2026-06-24 00:01:10,193 [INFO] Captura de pantalla guardada: C:\Users\Administrador\Desktop\python\solicitud_almuerzo_auto\dist\evidence\2026-06-24_00-01-09_ms_sso_stay_signed_in_prompt.png
2026-06-24 00:01:10,538 [INFO] Esperando redirección post-login...
2026-06-24 00:01:12,685 [INFO] URL actual después del envío de login: https://sigca.ex-cle.com/
2026-06-24 00:01:12,686 [INFO] ¡Inicio de sesión exitoso!
2026-06-24 00:01:13,069 [INFO] Captura de pantalla guardada: C:\Users\Administrador\Desktop\python\solicitud_almuerzo_auto\dist\evidence\2026-06-24_00-01-12_login_success.png
2026-06-24 00:01:13,071 [INFO] Navegando a la sección de almuerzo/pedidos...
2026-06-24 00:01:13,083 [INFO] Enviando mensaje de texto a Telegram...
2026-06-24 00:01:13,731 [INFO] Mensaje de Telegram enviado con éxito.
2026-06-24 00:01:16,764 [INFO] Se encontró enlace/botón de navegación con palabra clave 'Almuerzo'. Haciendo clic...
2026-06-24 00:01:19,022 [INFO] Captura de pantalla guardada: C:\Users\Administrador\Desktop\python\solicitud_almuerzo_auto\dist\evidence\2026-06-24_00-01-18_lunch_section.png
2026-06-24 00:01:19,040 [INFO] Se detectó almuerzo ya solicitado previamente (coincidencia con 'solicitud registrada').
2026-06-24 00:01:19,042 [INFO] El almuerzo ya ha sido solicitado para hoy/mañana. No se requiere acción adicional.
2026-06-24 00:01:19,255 [INFO] Captura de pantalla guardada: C:\Users\Administrador\Desktop\python\solicitud_almuerzo_auto\dist\evidence\2026-06-24_00-01-19_lunch_already_ordered.png
2026-06-24 00:01:19,464 [INFO] Enviando notificación Toast de Windows: Almuerzo Ya Solicitado - El almuerzo ya fue solicitado previamente.
2026-06-24 00:01:20,181 [INFO] Enviando mensaje de texto a Telegram...
2026-06-24 00:01:20,820 [INFO] Mensaje de Telegram enviado con éxito.
2026-06-24 00:01:20,849 [INFO] ÉXITO: El almuerzo ya ha sido solicitado para hoy/mañana. No se requiere acción adicional.
2026-06-25 00:00:22,580 [INFO] Cargando configuración desde C:\Users\Administrador\Desktop\python\solicitud_almuerzo_auto\dist\config.json
2026-06-25 00:00:22,581 [INFO] Se detectó ventana horaria activa y almuerzo pendiente. Iniciando Job de Almuerzo...
2026-06-25 00:00:22,592 [INFO] Cargando configuración desde C:\Users\Administrador\Desktop\python\solicitud_almuerzo_auto\dist\config.json
2026-06-25 00:00:22,605 [INFO] Enviando notificación Toast de Windows: Iniciando Bot - Comenzando automatización del almuerzo en SiGCA...
2026-06-25 00:00:23,697 [INFO] Enviando mensaje de texto a Telegram...
2026-06-25 00:00:24,283 [INFO] Mensaje de Telegram enviado con éxito.
2026-06-25 00:00:33,929 [INFO] Iniciando navegador Chromium (headless=True)...
2026-06-25 00:00:33,929 [INFO] Enviando mensaje de texto a Telegram...
2026-06-25 00:00:34,561 [INFO] Mensaje de Telegram enviado con éxito.
2026-06-25 00:00:35,858 [INFO] Enviando mensaje de texto a Telegram...
2026-06-25 00:00:36,494 [INFO] Mensaje de Telegram enviado con éxito.
2026-06-25 00:00:36,494 [INFO] Intentando iniciar sesión con el usuario: johan.carmino@ex-cle.com y contraseña tentativa...
2026-06-25 00:00:47,045 [INFO] Se detectó botón de Inicio de Sesión único (SSO) de Microsoft. Iniciando flujo SSO...
2026-06-25 00:00:47,179 [INFO] Captura de pantalla guardada: C:\Users\Administrador\Desktop\python\solicitud_almuerzo_auto\dist\evidence\2026-06-25_00-00-47_before_sso_click.png
2026-06-25 00:00:50,670 [INFO] Captura de pantalla guardada: C:\Users\Administrador\Desktop\python\solicitud_almuerzo_auto\dist\evidence\2026-06-25_00-00-50_ms_sso_email_filled.png
2026-06-25 00:00:52,107 [INFO] Captura de pantalla guardada: C:\Users\Administrador\Desktop\python\solicitud_almuerzo_auto\dist\evidence\2026-06-25_00-00-51_ms_sso_password_filled.png
2026-06-25 00:00:54,533 [INFO] Confirmando diálogo '¿Mantener la sesión iniciada?' de Microsoft...
2026-06-25 00:00:54,773 [INFO] Captura de pantalla guardada: C:\Users\Administrador\Desktop\python\solicitud_almuerzo_auto\dist\evidence\2026-06-25_00-00-54_ms_sso_stay_signed_in_prompt.png
2026-06-25 00:00:55,050 [INFO] Esperando redirección post-login...
2026-06-25 00:00:57,107 [INFO] URL actual después del envío de login: https://sigca.ex-cle.com/
2026-06-25 00:00:57,107 [INFO] ¡Inicio de sesión exitoso!
2026-06-25 00:00:57,506 [INFO] Captura de pantalla guardada: C:\Users\Administrador\Desktop\python\solicitud_almuerzo_auto\dist\evidence\2026-06-25_00-00-57_login_success.png
2026-06-25 00:00:57,506 [INFO] Navegando a la sección de almuerzo/pedidos...
2026-06-25 00:00:57,523 [INFO] Enviando mensaje de texto a Telegram...
2026-06-25 00:00:58,141 [INFO] Mensaje de Telegram enviado con éxito.
2026-06-25 00:01:01,175 [INFO] Se encontró enlace/botón de navegación con palabra clave 'Almuerzo'. Haciendo clic...
2026-06-25 00:01:03,392 [INFO] Captura de pantalla guardada: C:\Users\Administrador\Desktop\python\solicitud_almuerzo_auto\dist\evidence\2026-06-25_00-01-03_lunch_section.png
2026-06-25 00:01:03,411 [INFO] Se detectó almuerzo ya solicitado previamente (coincidencia con 'solicitud registrada').
2026-06-25 00:01:03,411 [INFO] El almuerzo ya ha sido solicitado para hoy/mañana. No se requiere acción adicional.
2026-06-25 00:01:03,622 [INFO] Captura de pantalla guardada: C:\Users\Administrador\Desktop\python\solicitud_almuerzo_auto\dist\evidence\2026-06-25_00-01-03_lunch_already_ordered.png
2026-06-25 00:01:03,782 [INFO] Enviando notificación Toast de Windows: Almuerzo Ya Solicitado - El almuerzo ya fue solicitado previamente.
2026-06-25 00:01:04,354 [INFO] Enviando mensaje de texto a Telegram...
2026-06-25 00:01:04,987 [INFO] Mensaje de Telegram enviado con éxito.
2026-06-25 00:01:05,012 [INFO] ÉXITO: El almuerzo ya ha sido solicitado para hoy/mañana. No se requiere acción adicional.
2026-06-26 00:00:08,426 [INFO] Cargando configuración desde C:\Users\Administrador\Desktop\python\solicitud_almuerzo_auto\dist\config.json
2026-06-26 00:00:08,430 [INFO] Se detectó ventana horaria activa y almuerzo pendiente. Iniciando Job de Almuerzo...
2026-06-26 00:00:08,439 [INFO] Cargando configuración desde C:\Users\Administrador\Desktop\python\solicitud_almuerzo_auto\dist\config.json
2026-06-26 00:00:08,448 [INFO] Enviando notificación Toast de Windows: Iniciando Bot - Comenzando automatización del almuerzo en SiGCA...
2026-06-26 00:00:09,329 [INFO] Enviando mensaje de texto a Telegram...
2026-06-26 00:00:10,019 [INFO] Mensaje de Telegram enviado con éxito.
2026-06-26 00:00:16,917 [INFO] Iniciando navegador Chromium (headless=True)...
2026-06-26 00:00:16,917 [INFO] Enviando mensaje de texto a Telegram...
2026-06-26 00:00:17,534 [INFO] Mensaje de Telegram enviado con éxito.
2026-06-26 00:00:19,096 [INFO] Enviando mensaje de texto a Telegram...
2026-06-26 00:00:19,766 [INFO] Mensaje de Telegram enviado con éxito.
2026-06-26 00:00:19,767 [INFO] Intentando iniciar sesión con el usuario: johan.carmino@ex-cle.com y contraseña tentativa...
2026-06-26 00:00:30,296 [INFO] Se detectó botón de Inicio de Sesión único (SSO) de Microsoft. Iniciando flujo SSO...
2026-06-26 00:00:30,400 [INFO] Captura de pantalla guardada: C:\Users\Administrador\Desktop\python\solicitud_almuerzo_auto\dist\evidence\2026-06-26_00-00-30_before_sso_click.png
2026-06-26 00:00:34,050 [INFO] Captura de pantalla guardada: C:\Users\Administrador\Desktop\python\solicitud_almuerzo_auto\dist\evidence\2026-06-26_00-00-32_ms_sso_email_filled.png
2026-06-26 00:00:35,384 [INFO] Captura de pantalla guardada: C:\Users\Administrador\Desktop\python\solicitud_almuerzo_auto\dist\evidence\2026-06-26_00-00-35_ms_sso_password_filled.png
2026-06-26 00:00:37,883 [INFO] Confirmando diálogo '¿Mantener la sesión iniciada?' de Microsoft...
2026-06-26 00:00:38,165 [INFO] Captura de pantalla guardada: C:\Users\Administrador\Desktop\python\solicitud_almuerzo_auto\dist\evidence\2026-06-26_00-00-37_ms_sso_stay_signed_in_prompt.png
2026-06-26 00:00:38,461 [INFO] Esperando redirección post-login...
2026-06-26 00:00:40,446 [INFO] URL actual después del envío de login: https://sigca.ex-cle.com/
2026-06-26 00:00:40,448 [INFO] ¡Inicio de sesión exitoso!
2026-06-26 00:00:40,744 [INFO] Captura de pantalla guardada: C:\Users\Administrador\Desktop\python\solicitud_almuerzo_auto\dist\evidence\2026-06-26_00-00-40_login_success.png
2026-06-26 00:00:40,745 [INFO] Navegando a la sección de almuerzo/pedidos...
2026-06-26 00:00:40,755 [INFO] Enviando mensaje de texto a Telegram...
2026-06-26 00:00:41,431 [INFO] Mensaje de Telegram enviado con éxito.
2026-06-26 00:00:44,448 [INFO] Se encontró enlace/botón de navegación con palabra clave 'Almuerzo'. Haciendo clic...
2026-06-26 00:00:46,733 [INFO] Captura de pantalla guardada: C:\Users\Administrador\Desktop\python\solicitud_almuerzo_auto\dist\evidence\2026-06-26_00-00-46_lunch_section.png
2026-06-26 00:00:46,748 [INFO] Preferencia de menú configurada: estándar
2026-06-26 00:00:46,750 [INFO] Enviando mensaje de texto a Telegram...
2026-06-26 00:00:47,406 [INFO] Mensaje de Telegram enviado con éxito.
2026-06-26 00:00:47,431 [INFO] Seleccionando menú preferido clicking en: 'text=Estándar'
2026-06-26 00:00:48,471 [INFO] Verificando existencia de campos del formulario adicional...
2026-06-26 00:00:48,483 [INFO] Intentando rellenar campo 'Ubicación' de tipo 'select' con valor 'Sede ExCle'...
2026-06-26 00:00:48,674 [INFO] Campo 'Ubicación' seleccionado con éxito.
2026-06-26 00:00:48,694 [INFO] Intentando rellenar campo 'De 1 a 5 estrellas' de tipo 'radio' con valor '3'...
2026-06-26 00:00:48,907 [INFO] Marcado radio button por rol con nombre exacto: '3'
2026-06-26 00:00:48,920 [INFO] Intentando rellenar campo 'bien cocidos' de tipo 'select' con valor 'last'...
2026-06-26 00:00:49,145 [INFO] Campo 'bien cocidos' seleccionado con éxito.
2026-06-26 00:00:49,163 [INFO] Intentando rellenar campo 'porción estaba acorde' de tipo 'select' con valor 'last'...
2026-06-26 00:00:49,423 [INFO] Campo 'porción estaba acorde' seleccionado con éxito.
2026-06-26 00:00:49,439 [INFO] Intentando rellenar campo 'condimentación de la comida' de tipo 'select' con valor '1'...
2026-06-26 00:00:49,767 [INFO] Campo 'condimentación de la comida' seleccionado con éxito.
2026-06-26 00:00:49,783 [INFO] Intentando rellenar campo 'asistir después de la 01:30' de tipo 'radio' con valor 'Sí'...
2026-06-26 00:00:50,038 [INFO] Marcado radio button por rol con nombre exacto: 'Sí'
2026-06-26 00:00:50,055 [INFO] Intentando rellenar campo 'comentario acerca del plato' de tipo 'text' con valor 'Favor quitar el jugo de melon y las porciones no tienen suficiente proteina, quedando uno con hambre'...
2026-06-26 00:00:50,261 [INFO] Campo de texto 'comentario acerca del plato' rellenado.
2026-06-26 00:00:50,558 [INFO] Captura de pantalla guardada: C:\Users\Administrador\Desktop\python\solicitud_almuerzo_auto\dist\evidence\2026-06-26_00-00-50_form_filled.png
2026-06-26 00:00:50,737 [INFO] Se encontró botón de acción: 'Enviar'
2026-06-26 00:00:50,737 [INFO] Haciendo clic en el botón de solicitud...
2026-06-26 00:00:53,260 [INFO] El mensaje de éxito apareció en pantalla. Solicitud confirmada.
2026-06-26 00:00:53,446 [INFO] Captura de pantalla guardada: C:\Users\Administrador\Desktop\python\solicitud_almuerzo_auto\dist\evidence\2026-06-26_00-00-53_post_order_click.png
2026-06-26 00:00:53,447 [INFO] Flujo de solicitud completado. Registrando éxito.
2026-06-26 00:00:53,561 [INFO] Enviando notificación Toast de Windows: Almuerzo Solicitado - ¡La solicitud de almuerzo ha sido registrada exitosamente!
2026-06-26 00:00:54,108 [INFO] Enviando mensaje de texto a Telegram...
2026-06-26 00:00:54,785 [INFO] Mensaje de Telegram enviado con éxito.
2026-06-26 00:00:54,785 [INFO] Enviando captura de pantalla C:\Users\Administrador\Desktop\python\solicitud_almuerzo_auto\dist\evidence\2026-06-26_00-00-53_post_order_click.png a Telegram...
2026-06-26 00:00:56,367 [INFO] Foto de Telegram enviada con éxito.
2026-06-26 00:00:56,384 [INFO] ÉXITO: Solicitud exitosa: El mensaje de éxito apareció en pantalla. Solicitud confirmada.
2026-06-27 00:00:56,354 [INFO] Cargando configuración desde C:\Users\Administrador\Desktop\python\solicitud_almuerzo_auto\dist\config.json
2026-06-27 00:00:56,365 [INFO] Se detectó ventana horaria activa y almuerzo pendiente. Iniciando Job de Almuerzo...
2026-06-27 00:00:56,380 [INFO] Cargando configuración desde C:\Users\Administrador\Desktop\python\solicitud_almuerzo_auto\dist\config.json
2026-06-27 00:00:56,390 [INFO] Enviando notificación Toast de Windows: Iniciando Bot - Comenzando automatización del almuerzo en SiGCA...
2026-06-27 00:00:57,558 [INFO] Enviando mensaje de texto a Telegram...
2026-06-27 00:00:58,260 [INFO] Mensaje de Telegram enviado con éxito.
2026-06-27 00:01:07,014 [INFO] Iniciando navegador Chromium (headless=True)...
2026-06-27 00:01:07,014 [INFO] Enviando mensaje de texto a Telegram...
2026-06-27 00:01:07,727 [INFO] Mensaje de Telegram enviado con éxito.
2026-06-27 00:01:09,146 [INFO] Enviando mensaje de texto a Telegram...
2026-06-27 00:01:09,758 [INFO] Mensaje de Telegram enviado con éxito.
2026-06-27 00:01:09,758 [INFO] Intentando iniciar sesión con el usuario: johan.carmino@ex-cle.com y contraseña tentativa...
2026-06-27 00:01:20,354 [INFO] Se detectó botón de Inicio de Sesión único (SSO) de Microsoft. Iniciando flujo SSO...
2026-06-27 00:01:20,493 [INFO] Captura de pantalla guardada: C:\Users\Administrador\Desktop\python\solicitud_almuerzo_auto\dist\evidence\2026-06-27_00-01-20_before_sso_click.png
2026-06-27 00:01:24,082 [INFO] Captura de pantalla guardada: C:\Users\Administrador\Desktop\python\solicitud_almuerzo_auto\dist\evidence\2026-06-27_00-01-23_ms_sso_email_filled.png
2026-06-27 00:01:25,497 [INFO] Captura de pantalla guardada: C:\Users\Administrador\Desktop\python\solicitud_almuerzo_auto\dist\evidence\2026-06-27_00-01-25_ms_sso_password_filled.png
2026-06-27 00:01:28,085 [INFO] Confirmando diálogo '¿Mantener la sesión iniciada?' de Microsoft...
2026-06-27 00:01:28,356 [INFO] Captura de pantalla guardada: C:\Users\Administrador\Desktop\python\solicitud_almuerzo_auto\dist\evidence\2026-06-27_00-01-28_ms_sso_stay_signed_in_prompt.png
2026-06-27 00:01:28,701 [INFO] Esperando redirección post-login...
2026-06-27 00:01:30,899 [INFO] URL actual después del envío de login: https://sigca.ex-cle.com/
2026-06-27 00:01:30,901 [INFO] ¡Inicio de sesión exitoso!
2026-06-27 00:01:31,251 [INFO] Captura de pantalla guardada: C:\Users\Administrador\Desktop\python\solicitud_almuerzo_auto\dist\evidence\2026-06-27_00-01-30_login_success.png
2026-06-27 00:01:31,251 [INFO] Navegando a la sección de almuerzo/pedidos...
2026-06-27 00:01:31,269 [INFO] Enviando mensaje de texto a Telegram...
2026-06-27 00:01:31,906 [INFO] Mensaje de Telegram enviado con éxito.
2026-06-27 00:01:34,926 [INFO] Se encontró enlace/botón de navegación con palabra clave 'Almuerzo'. Haciendo clic...
2026-06-27 00:01:37,117 [INFO] Captura de pantalla guardada: C:\Users\Administrador\Desktop\python\solicitud_almuerzo_auto\dist\evidence\2026-06-27_00-01-36_lunch_section.png
2026-06-27 00:01:37,133 [INFO] Preferencia de menú configurada: estándar
2026-06-27 00:01:37,133 [INFO] Enviando mensaje de texto a Telegram...
2026-06-27 00:01:37,745 [INFO] Mensaje de Telegram enviado con éxito.
2026-06-27 00:01:37,759 [INFO] Seleccionando menú preferido clicking en: 'text=Estándar'
2026-06-27 00:01:38,825 [INFO] Verificando existencia de campos del formulario adicional...
2026-06-27 00:01:38,834 [INFO] Intentando rellenar campo 'Ubicación' de tipo 'select' con valor 'Sede ExCle'...
2026-06-27 00:01:38,979 [INFO] Campo 'Ubicación' seleccionado con éxito.
2026-06-27 00:01:38,995 [INFO] Intentando rellenar campo 'De 1 a 5 estrellas' de tipo 'radio' con valor '3'...
2026-06-27 00:01:39,195 [INFO] Marcado radio button por rol con nombre exacto: '3'
2026-06-27 00:01:39,366 [INFO] Captura de pantalla guardada: C:\Users\Administrador\Desktop\python\solicitud_almuerzo_auto\dist\evidence\2026-06-27_00-01-39_form_filled.png
2026-06-27 00:01:39,453 [INFO] Se encontró botón de acción: 'Enviar'
2026-06-27 00:01:39,456 [INFO] Haciendo clic en el botón de solicitud...
2026-06-27 00:01:41,918 [INFO] El mensaje de éxito apareció en pantalla. Solicitud confirmada.
2026-06-27 00:01:42,066 [INFO] Captura de pantalla guardada: C:\Users\Administrador\Desktop\python\solicitud_almuerzo_auto\dist\evidence\2026-06-27_00-01-41_post_order_click.png
2026-06-27 00:01:42,067 [INFO] Flujo de solicitud completado. Registrando éxito.
2026-06-27 00:01:42,183 [INFO] Enviando notificación Toast de Windows: Almuerzo Solicitado - ¡La solicitud de almuerzo ha sido registrada exitosamente!
2026-06-27 00:01:42,827 [INFO] Enviando mensaje de texto a Telegram...
2026-06-27 00:01:43,544 [INFO] Mensaje de Telegram enviado con éxito.
2026-06-27 00:01:43,545 [INFO] Enviando captura de pantalla C:\Users\Administrador\Desktop\python\solicitud_almuerzo_auto\dist\evidence\2026-06-27_00-01-41_post_order_click.png a Telegram...
2026-06-27 00:01:44,990 [INFO] Foto de Telegram enviada con éxito.
2026-06-27 00:01:45,016 [INFO] ÉXITO: Solicitud exitosa: El mensaje de éxito apareció en pantalla. Solicitud confirmada.
2026-06-27 03:47:46,928 [INFO] Hilo Telegram Poller iniciado para escuchar comandos de salud (/status, /health).
2026-06-27 03:47:46,930 [INFO] Servidor HTTP Health Check iniciado en http://127.0.0.1:18293/
2026-06-27 03:47:46,930 [INFO] Hilo Planificador iniciado. Buscando ventana horaria 3:30 PM - 9:59 AM.
2026-06-27 03:47:48,118 [INFO] Aplicación iniciada. Bienvenido al panel de SiGCA Bot.
2026-06-27 03:47:59,248 [INFO] Aplicación minimizada a la bandeja del sistema.
2026-06-29 09:01:47,467 [INFO] Hilo Telegram Poller iniciado para escuchar comandos de salud (/status, /health).
2026-06-29 09:01:47,469 [INFO] Servidor HTTP Health Check iniciado en http://127.0.0.1:18293/
2026-06-29 09:01:47,469 [INFO] Hilo Planificador iniciado. Buscando ventana horaria 3:30 PM - 9:59 AM.
2026-06-29 09:01:47,646 [INFO] Cargando configuración desde C:\Users\Administrador\Desktop\python\solicitud_almuerzo_auto\dist\config.json
2026-06-29 09:01:47,652 [INFO] Se detectó ventana horaria activa y almuerzo pendiente. Iniciando Job de Almuerzo...
2026-06-29 09:01:47,655 [INFO] Cargando configuración desde C:\Users\Administrador\Desktop\python\solicitud_almuerzo_auto\dist\config.json
2026-06-29 09:01:47,664 [INFO] Enviando notificación Toast de Windows: Iniciando Bot - Comenzando automatización del almuerzo en SiGCA...
2026-06-29 09:01:48,091 [INFO] Enviando mensaje de texto a Telegram...
2026-06-29 09:01:48,182 [INFO] Aplicación iniciada. Bienvenido al panel de SiGCA Bot.
2026-06-29 09:01:48,709 [INFO] Mensaje de Telegram enviado con éxito.
2026-06-29 09:01:50,363 [INFO] Iniciando navegador Chromium (headless=True)...
2026-06-29 09:01:50,364 [INFO] Enviando mensaje de texto a Telegram...
2026-06-29 09:01:50,972 [INFO] Mensaje de Telegram enviado con éxito.
2026-06-29 09:01:51,910 [INFO] Enviando mensaje de texto a Telegram...
2026-06-29 09:01:53,107 [INFO] Mensaje de Telegram enviado con éxito.
2026-06-29 09:01:53,108 [INFO] Intentando iniciar sesión con el usuario: johan.carmino@ex-cle.com y contraseña tentativa...
2026-06-29 09:02:03,636 [INFO] Se detectó botón de Inicio de Sesión único (SSO) de Microsoft. Iniciando flujo SSO...
2026-06-29 09:02:03,707 [INFO] Captura de pantalla guardada: C:\Users\Administrador\Desktop\python\solicitud_almuerzo_auto\dist\evidence\2026-06-29_09-02-03_before_sso_click.png
2026-06-29 09:02:06,026 [INFO] Captura de pantalla guardada: C:\Users\Administrador\Desktop\python\solicitud_almuerzo_auto\dist\evidence\2026-06-29_09-02-05_ms_sso_email_filled.png
2026-06-29 09:02:07,310 [INFO] Captura de pantalla guardada: C:\Users\Administrador\Desktop\python\solicitud_almuerzo_auto\dist\evidence\2026-06-29_09-02-07_ms_sso_password_filled.png
2026-06-29 09:02:09,955 [INFO] Confirmando diálogo '¿Mantener la sesión iniciada?' de Microsoft...
2026-06-29 09:02:10,143 [INFO] Captura de pantalla guardada: C:\Users\Administrador\Desktop\python\solicitud_almuerzo_auto\dist\evidence\2026-06-29_09-02-09_ms_sso_stay_signed_in_prompt.png
2026-06-29 09:02:10,481 [INFO] Auto-inicio registrado exitosamente.
2026-06-29 09:02:10,498 [INFO] Esperando redirección post-login...
2026-06-29 09:02:11,497 [INFO] Configuraciones guardadas y actualizadas exitosamente.
2026-06-29 09:02:12,579 [INFO] URL actual después del envío de login: https://sigca.ex-cle.com/
2026-06-29 09:02:12,579 [INFO] ¡Inicio de sesión exitoso!
2026-06-29 09:02:12,759 [INFO] Captura de pantalla guardada: C:\Users\Administrador\Desktop\python\solicitud_almuerzo_auto\dist\evidence\2026-06-29_09-02-12_login_success.png
2026-06-29 09:02:12,759 [INFO] Navegando a la sección de almuerzo/pedidos...
2026-06-29 09:02:12,767 [INFO] Enviando mensaje de texto a Telegram...
2026-06-29 09:02:13,386 [INFO] Mensaje de Telegram enviado con éxito.
2026-06-29 09:02:16,410 [INFO] Se encontró enlace/botón de navegación con palabra clave 'Almuerzo'. Haciendo clic...
2026-06-29 09:02:18,592 [INFO] Captura de pantalla guardada: C:\Users\Administrador\Desktop\python\solicitud_almuerzo_auto\dist\evidence\2026-06-29_09-02-18_lunch_section.png
2026-06-29 09:02:18,606 [INFO] Se detectó almuerzo ya solicitado previamente (coincidencia con 'solicitud registrada').
2026-06-29 09:02:18,607 [INFO] El almuerzo ya ha sido solicitado para hoy/mañana. No se requiere acción adicional.
2026-06-29 09:02:18,716 [INFO] Captura de pantalla guardada: C:\Users\Administrador\Desktop\python\solicitud_almuerzo_auto\dist\evidence\2026-06-29_09-02-18_lunch_already_ordered.png
2026-06-29 09:02:18,812 [INFO] Enviando notificación Toast de Windows: Almuerzo Ya Solicitado - El almuerzo ya fue solicitado previamente.
2026-06-29 09:02:19,161 [INFO] Enviando mensaje de texto a Telegram...
2026-06-29 09:02:19,816 [INFO] Mensaje de Telegram enviado con éxito.
2026-06-29 09:02:19,841 [INFO] ÉXITO: El almuerzo ya ha sido solicitado para hoy/mañana. No se requiere acción adicional.
2026-06-29 09:02:54,715 [INFO] Aplicación minimizada a la bandeja del sistema.
